link,title,duration,views,description,upload_date,category
https://www.youtube.com/watch?v=DAIFzQy3DMs,Himalaya Youth Eternity Face Sheet Mask | Healthy hydration | Hyaluronic Acid Serum | 20 sec,20,129,"Himalaya Youth Eternity Face Sheet Mask are infused with serum made up of hyaluronic acid that hydrates the skin and Edelweiss Plant that helps in fighting premature signs of ageing. These 100% biodegradable sheet masks offer hydration which is worth 1 week’s hydrating serum. Himalaya Sheet Masks are available in 3 more variants Blueberry, Strawberry and Mulethi. Try the Himalaya Sheet Masks for the healthy hydration.

#sheetmask #glassskin #serummask #facesheetmask",2023-02-17,Howto & Style
https://www.youtube.com/watch?v=vvXGQWoLA7Q,Himalaya Youth Eternity Face Sheet Mask | Healthy hydration | Hyaluronic Acid Serum | 50 sec,50,191,"Himalaya Youth Eternity Face Sheet Mask are infused with serum made up of hyaluronic acid that hydrates the skin and Edelweiss Plant that helps in fighting premature signs of ageing. These 100% biodegradable sheet masks offer hydration which is worth 1 week’s hydrating serum. Himalaya Sheet Masks are available in 3 more variants Blueberry, Strawberry and Mulethi. Try the Himalaya Sheet Masks for the healthy hydration.

#sheetmask #glassskin #serummask #facesheetmask",2023-02-17,Howto & Style
https://www.youtube.com/watch?v=Et8IRYf_iS0,Complete gum care protection,11,47165,"Give your gums a complete natural care with herbs like Babool, Irimeda, and Miswak.
Try Himalaya Ayurveda Gum Care toothpaste now!

#Himalaya #himalayagumcare #himalayagumexpert #ayurvedatoothpaste #herbaltoothpaste #13ayurvedicherbs",2023-01-23,Howto & Style
https://www.youtube.com/watch?v=VogJG0BsbQw,Himalaya Ayurveda Gum Care,10,15210,"Wipe out gum problems with goodness of nature!

Try Himalaya Ayurveda Gum Care toothpaste which has the power of 13 time tested herbs that will keep your gums protected from disease causing germs and make them healthier and stronger.

#himalaya #himalayagumcare #himalayagumexpert #ayurvedatoothpaste #herbaltoothpaste #herbalcare #gumcare",2023-01-23,Howto & Style
https://www.youtube.com/watch?v=RFpxEatO5r0,Cure bleeding gums with Himalaya Ayurveda Gum Care,10,67714,"Cure bleeding from the roots!
Himalaya ayurveda gum care with ingredients like babool, irimeda, miswak, khadira, keeps your gums naturally healthy.

Try now!

#himalaya #himalayagumcare #bleedinggums #himalayagumexpert #gumcare #gumtoothpaste #ayurvedatoothpaste #herbaltoothpaste",2023-01-23,Howto & Style
https://www.youtube.com/watch?v=x7U9HMy2sp8,Himalaya Pain Balm Strong – Keep Calm Use Himalaya Pain Balm,35,1630051,"When you have a headache, you tend to become a headache for others. Don’t let the pain get the best of you, just Keep Calm Use Himalaya Pain Balm. It helps fast relief from pain. And is naturally enriched with the goodness of Indian Winter Green, Mint, and Chir Pine Oil. 

#usepainbalm #keepcalm. #fastpainrelief #donotbecomeapainforothers",2022-11-14,Howto & Style
https://www.youtube.com/watch?v=1qGuali2VUU,Himalaya Pain Balm Strong – Keep Calm Use Himalaya Pain Balm,20,1185314,"When you have a headache, you tend to become a headache for others. Don’t let the pain get the best of you, just Keep Calm Use Himalaya Pain Balm. It helps fast relief from pain. And is naturally enriched with the goodness of Indian Winter Green, Mint, and Chir Pine Oil. 

#usepainbalm #keepcalm. #fastpainrelief #Donotbecomeapainforothers",2022-11-14,Howto & Style
https://www.youtube.com/watch?v=GGqfYoq-mO0,Himalaya Pain Balm Strong – Keep Calm Use Himalaya Pain Balm,10,1184439,"When you have a headache, you tend to become a headache for others. Don’t let the pain get the best of you, just Keep Calm Use Himalaya Pain Balm. It helps fast relief from pain. And is naturally enriched with the goodness of Indian Winter Green, Mint, and Chir Pine Oil. 

#usepainbalm #keepcalm. #FastPainRelief #Donotbecomeapainforothers",2022-11-14,Howto & Style
https://www.youtube.com/watch?v=vBgbsIC_AoA,Himalaya Pain Balm Strong – Keep Calm Use Himalaya Pain Balm,6,8321,"When you have a headache, you tend to become a headache for others. 
Don’t let the pain get the best of you, just Keep Calm Use Himalaya Pain Balm. 
It helps fast relief from pain. And is naturally enriched with the goodness of Indian Winter Green, Mint, and Chir Pine Oil.

#usepainbalm #keepcalm. #FastPainRelief #Donotbecomeapainforothers",2022-11-14,Howto & Style
https://www.youtube.com/watch?v=sP-wHgIJ3gs,"Pimple Problem and still using Soap? Now no more excuses, it's time to switch (Assamese)",15,6519,"Science says that soap can increase pimples and Himalaya Purifying Neem Face Wash prevents pimples from reoccurring.

 

Himalaya Purifying Neem Face Wash is clinically proven^. It has antibacterial goodness of neem and turmeric. It clears pimples and makes skin healthy^^.

 

For Pimples, Trust Science – Himalaya Purifying Neem Face Wash.

 

 

*ordinary toilet soap
^ clinical study by dermatologists
^^ healthy skin refers to improved skin conditioning

 

Buy Now: https://bit.ly/3cfqJHE
Follow us on: Instagram: https://bit.ly/3IDVp1i
Facebook: https://bit.ly/3yEDDql",2022-11-10,Howto & Style
https://www.youtube.com/watch?v=08POepSepTI,"Pimple Problem and still using Soap? Now no more excuses, it's time to switch (Bengali)",15,7411,"Science says that soap can increase pimples and Himalaya Purifying Neem Face Wash prevents pimples from reoccurring.

 

Himalaya Purifying Neem Face Wash is clinically proven^. It has antibacterial goodness of neem and turmeric. It clears pimples and makes skin healthy^^.

 

For Pimples, Trust Science – Himalaya Purifying Neem Face Wash.

 

 

*ordinary toilet soap
^ clinical study by dermatologists
^^ healthy skin refers to improved skin conditioning

 

Buy Now: https://bit.ly/3cfqJHE
Follow us on: Instagram: https://bit.ly/3IDVp1i
Facebook: https://bit.ly/3yEDDql",2022-11-10,Howto & Style
https://www.youtube.com/watch?v=bmxMYMuQrsA,"Pimple Problem and still using Soap? Now no more excuses, it's time to switch ( BHOJPURI)",15,7693,"Science says that soap can increase pimples and Himalaya Purifying Neem Face Wash prevents pimples from reoccurring.

 

Himalaya Purifying Neem Face Wash is clinically proven^. It has antibacterial goodness of neem and turmeric. It clears pimples and makes skin healthy^^.

 

For Pimples, Trust Science – Himalaya Purifying Neem Face Wash.

 

 

*ordinary toilet soap
^ clinical study by dermatologists
^^ healthy skin refers to improved skin conditioning

 

Buy Now: https://bit.ly/3cfqJHE
Follow us on: Instagram: https://bit.ly/3IDVp1i
Facebook: https://bit.ly/3yEDDql",2022-11-10,Howto & Style
https://www.youtube.com/watch?v=is1DYfGv170,"Pimple Problem and still using Soap? Now no more excuses, it's time to switch (ENGLISH)",15,6890,"Science says that soap can increase pimples and Himalaya Purifying Neem Face Wash prevents pimples from reoccurring.

 

Himalaya Purifying Neem Face Wash is clinically proven^. It has antibacterial goodness of neem and turmeric. It clears pimples and makes skin healthy^^.

 

For Pimples, Trust Science – Himalaya Purifying Neem Face Wash.

 

 

*ordinary toilet soap
^ clinical study by dermatologists
^^ healthy skin refers to improved skin conditioning

 

Buy Now: https://bit.ly/3cfqJHE
Follow us on: Instagram: https://bit.ly/3IDVp1i
Facebook: https://bit.ly/3yEDDql",2022-11-10,Howto & Style
https://www.youtube.com/watch?v=9qv11DWicnY,"Pimple Problem and still using Soap? Now no more excuses, it's time to switch (HINDI)",15,9057,"Science says that soap can increase pimples and Himalaya Purifying Neem Face Wash prevents pimples from reoccurring.

 

Himalaya Purifying Neem Face Wash is clinically proven^. It has antibacterial goodness of neem and turmeric. It clears pimples and makes skin healthy^^.

 

For Pimples, Trust Science – Himalaya Purifying Neem Face Wash.

 

 

*ordinary toilet soap
^ clinical study by dermatologists
^^ healthy skin refers to improved skin conditioning

 

Buy Now: https://bit.ly/3cfqJHE
Follow us on: Instagram: https://bit.ly/3IDVp1i
Facebook: https://bit.ly/3yEDDql",2022-11-10,Howto & Style
https://www.youtube.com/watch?v=BUvR5B3MlDk,"Pimple Problem and still using Soap? Now no more excuses, it's time to switch (KANNADA)",15,7220,"Science says that soap can increase pimples and Himalaya Purifying Neem Face Wash prevents pimples from reoccurring.

 

Himalaya Purifying Neem Face Wash is clinically proven^. It has antibacterial goodness of neem and turmeric. It clears pimples and makes skin healthy^^.

 

For Pimples, Trust Science – Himalaya Purifying Neem Face Wash.

 

 

*ordinary toilet soap
^ clinical study by dermatologists
^^ healthy skin refers to improved skin conditioning

 

Buy Now: https://bit.ly/3cfqJHE
Follow us on: Instagram: https://bit.ly/3IDVp1i
Facebook: https://bit.ly/3yEDDql",2022-11-10,Howto & Style
https://www.youtube.com/watch?v=zunqb8Qfk8Y,"Pimple Problem and still using Soap? Now no more excuses, it's time to switch (MALAYALAM)",15,5452,"Science says that soap can increase pimples and Himalaya Purifying Neem Face Wash prevents pimples from reoccurring.

 

Himalaya Purifying Neem Face Wash is clinically proven^. It has antibacterial goodness of neem and turmeric. It clears pimples and makes skin healthy^^.

 

For Pimples, Trust Science – Himalaya Purifying Neem Face Wash.

 

 

*ordinary toilet soap
^ clinical study by dermatologists
^^ healthy skin refers to improved skin conditioning

 

Buy Now: https://bit.ly/3cfqJHE
Follow us on: Instagram: https://bit.ly/3IDVp1i
Facebook: https://bit.ly/3yEDDql",2022-11-10,Howto & Style
https://www.youtube.com/watch?v=C0-ZG2MPnL0,"Pimple Problem and still using Soap? Now no more excuses, it's time to switch (MANIPURI)",15,5522,"Science says that soap can increase pimples and Himalaya Purifying Neem Face Wash prevents pimples from reoccurring.

 

Himalaya Purifying Neem Face Wash is clinically proven^. It has antibacterial goodness of neem and turmeric. It clears pimples and makes skin healthy^^.

 

For Pimples, Trust Science – Himalaya Purifying Neem Face Wash.

 

 

*ordinary toilet soap
^ clinical study by dermatologists
^^ healthy skin refers to improved skin conditioning

 

Buy Now: https://bit.ly/3cfqJHE
Follow us on: Instagram: https://bit.ly/3IDVp1i
Facebook: https://bit.ly/3yEDDql",2022-11-10,Howto & Style
https://www.youtube.com/watch?v=lyIZD_wb9v4,"Pimple Problem and still using Soap? Now no more excuses, it's time to switch (MARATHI)",15,8340,"Science says that soap can increase pimples and Himalaya Purifying Neem Face Wash prevents pimples from reoccurring.

 

Himalaya Purifying Neem Face Wash is clinically proven^. It has antibacterial goodness of neem and turmeric. It clears pimples and makes skin healthy^^.

 

For Pimples, Trust Science – Himalaya Purifying Neem Face Wash.

 

 

*ordinary toilet soap
^ clinical study by dermatologists
^^ healthy skin refers to improved skin conditioning

 

Buy Now: https://bit.ly/3cfqJHE
Follow us on: Instagram: https://bit.ly/3IDVp1i
Facebook: https://bit.ly/3yEDDql",2022-11-10,Howto & Style
https://www.youtube.com/watch?v=we0sE8Q0Q4c,"Pimple Problem and still using Soap? Now no more excuses, it's time to switch (MIZORAM)",15,6033,"Science says that soap can increase pimples and Himalaya Purifying Neem Face Wash prevents pimples from reoccurring.

 

Himalaya Purifying Neem Face Wash is clinically proven^. It has antibacterial goodness of neem and turmeric. It clears pimples and makes skin healthy^^.

 

For Pimples, Trust Science – Himalaya Purifying Neem Face Wash.

 

 

*ordinary toilet soap
^ clinical study by dermatologists
^^ healthy skin refers to improved skin conditioning

 

Buy Now: https://bit.ly/3cfqJHE
Follow us on: Instagram: https://bit.ly/3IDVp1i
Facebook: https://bit.ly/3yEDDql",2022-11-10,Howto & Style
https://www.youtube.com/watch?v=9b6YUkBGJo4,"Pimple Problem and still using Soap? Now no more excuses, it's time to switch (ODIYA)",15,6921,"Science says that soap can increase pimples and Himalaya Purifying Neem Face Wash prevents pimples from reoccurring.

 

Himalaya Purifying Neem Face Wash is clinically proven^. It has antibacterial goodness of neem and turmeric. It clears pimples and makes skin healthy^^.

 

For Pimples, Trust Science – Himalaya Purifying Neem Face Wash.

 

 

*ordinary toilet soap
^ clinical study by dermatologists
^^ healthy skin refers to improved skin conditioning

 

Buy Now: https://bit.ly/3cfqJHE
Follow us on: Instagram: https://bit.ly/3IDVp1i
Facebook: https://bit.ly/3yEDDql",2022-11-10,Howto & Style
https://www.youtube.com/watch?v=c4Rl57ibDW8,"Pimple Problem and still using Soap? Now no more excuses, it's time to switch (PUNJABI)",15,8694,"Science says that soap can increase pimples and Himalaya Purifying Neem Face Wash prevents pimples from reoccurring.

 

Himalaya Purifying Neem Face Wash is clinically proven^. It has antibacterial goodness of neem and turmeric. It clears pimples and makes skin healthy^^.

 

For Pimples, Trust Science – Himalaya Purifying Neem Face Wash.

 

 

*ordinary toilet soap
^ clinical study by dermatologists
^^ healthy skin refers to improved skin conditioning

 

Buy Now: https://bit.ly/3cfqJHE
Follow us on: Instagram: https://bit.ly/3IDVp1i
Facebook: https://bit.ly/3yEDDql",2022-11-10,Howto & Style
https://www.youtube.com/watch?v=wigxT_lEcPs,"Pimple Problem and still using Soap? Now no more excuses, it's time to switch (TAMIL)",15,9374,"Science says that soap can increase pimples and Himalaya Purifying Neem Face Wash prevents pimples from reoccurring.

 

Himalaya Purifying Neem Face Wash is clinically proven^. It has antibacterial goodness of neem and turmeric. It clears pimples and makes skin healthy^^.

 

For Pimples, Trust Science – Himalaya Purifying Neem Face Wash.

 

 

*ordinary toilet soap
^ clinical study by dermatologists
^^ healthy skin refers to improved skin conditioning

 

Buy Now: https://bit.ly/3cfqJHE
Follow us on: Instagram: https://bit.ly/3IDVp1i
Facebook: https://bit.ly/3yEDDql",2022-11-10,Howto & Style
https://www.youtube.com/watch?v=dou727jPhiw,"Pimple Problem and still using Soap? Now no more excuses, it's time to switch (TELUGU)",15,7759,"Science says that soap can increase pimples and Himalaya Purifying Neem Face Wash prevents pimples from reoccurring.

 

Himalaya Purifying Neem Face Wash is clinically proven^. It has antibacterial goodness of neem and turmeric. It clears pimples and makes skin healthy^^.

 

For Pimples, Trust Science – Himalaya Purifying Neem Face Wash.

 

 

*ordinary toilet soap
^ clinical study by dermatologists
^^ healthy skin refers to improved skin conditioning

 

Buy Now: https://bit.ly/3cfqJHE
Follow us on: Instagram: https://bit.ly/3IDVp1i
Facebook: https://bit.ly/3yEDDql",2022-11-10,Howto & Style
https://www.youtube.com/watch?v=_ZR3YnsxQbQ,Himalaya Purifying Neem Facial Kit with Massager | Pure and Healthy Skin at home,14,5588,"Himalaya’s 6 step facial regime for pure, healthy and moisturized skin with 2-setting massager for deep cleansing. The kit involves Face Wash, Cleansing Milk, Scrub, Toner, Face Pack, Moisturizing Lotion and battery operated 2-setting massager.

Shop Now: https://bit.ly/3FN7YIo

#Skincarekit #himalaya #Neemkit #DIY #bestskincare",2022-11-10,Howto & Style
https://www.youtube.com/watch?v=ee48gRxmaQM,Himalaya Purifying Neem Facial Kit | Pure and Healthy Skin at home,12,5897,"Now get Pure and Healthy Skin at home with Himalaya’s 3 step regime of Face Wash, Face Scrub and Face Pack.

Shop Now: https://bit.ly/3h6CGSm

#Skincarekit #himalaya #Neemkit #DIY #bestskincare",2022-11-10,Howto & Style
https://www.youtube.com/watch?v=hd6C22GsHg4,"Himalaya Tan Removal Orange Facial Kit | Tan-free, Glowing Skin at home",12,911,"Get rid of Tan with Himalaya’s 3 step tan removal facial kit.

Shop Now: https://bit.ly/3E7XTV8

#tanremoval #getridoftan #orangekit #DIYtankit",2022-11-10,Howto & Style
https://www.youtube.com/watch?v=EkSnbo1O-34,Himalaya Youth Eternity 20s,20,556,"With Today’s lifestyle one needs a resilient skin care to prevent early signs of ageing. For you, we have hence found a plant of Youth. Edelweiss plant that blooms in the harshest climate of the alps, has powerful anti-ageing properties and Himalaya Youth Eternity range deeply nourishes your skin to give the same skin resilience against early signs of ageing.",2022-11-10,Howto & Style
https://www.youtube.com/watch?v=gg5_VMOGDM8,HIMALAYA LIP BALM | Hindi 35 Seconds,35,5611,"Himalaya Lip Balm provides relief from sore and chapped lips, especially during Winter. Enriched with Vitamin E and the oils of Wheat Germ, Carrot, Castor, and Coconut, Himalaya Lip Balm nourishes your lips and protects them against the drying effects of the cold and wind. With a no-touch application design, this handy lip balm keeps your lips soft and beautiful!",2022-11-10,Howto & Style
https://www.youtube.com/watch?v=IfF-n6VJ--8,HIMALAYA LIP BALM | Marathi 35 Seconds,35,3472,"Himalaya Lip Balm provides relief from sore and chapped lips, especially during Winter. Enriched with Vitamin E and the oils of Wheat Germ, Carrot, Castor, and Coconut, Himalaya Lip Balm nourishes your lips and protects them against the drying effects of the cold and wind. With a no-touch application design, this handy lip balm keeps your lips soft and beautiful!",2022-11-10,Howto & Style
https://www.youtube.com/watch?v=vmFeF2B1Iq0,HIMALAYA LIP BALM | Hindi 25 Seconds,25,1539,"Himalaya Lip Balm provides relief from sore and chapped lips, especially during Winter. Enriched with Vitamin E and the oils of Wheat Germ, Carrot, Castor, and Coconut, Himalaya Lip Balm nourishes your lips and protects them against the drying effects of the cold and wind. With a no-touch application design, this handy lip balm keeps your lips soft and beautiful!",2022-11-10,Howto & Style
https://www.youtube.com/watch?v=L8-NjNsh90s,HIMALAYA LIP BALM | Marathi 25 Seconds,25,1131,"Himalaya Lip Balm provides relief from sore and chapped lips, especially during Winter. Enriched with Vitamin E and the oils of Wheat Germ, Carrot, Castor, and Coconut, Himalaya Lip Balm nourishes your lips and protects them against the drying effects of the cold and wind. With a no-touch application design, this handy lip balm keeps your lips soft and beautiful!",2022-11-10,Howto & Style
https://www.youtube.com/watch?v=PPikIMriSQE,Himalaya Face Gels 20s ENG,7,2906,"Do regular creams make your face feel greasy and oily? Now switch to Himalaya Face Gels for #Water-lite moisturization.
The best Aloevera Gel for face",2022-11-02,Howto & Style
https://www.youtube.com/watch?v=ABbmKRBmm_o,Himalaya Face Gels 20s Tamil,20,2905,"Do regular creams make your face feel greasy and oily? Now switch to Himalaya Face Gels for #Water-lite moisturization.
The best Aloevera Gel for face",2022-11-02,Howto & Style
https://www.youtube.com/watch?v=ptXAnHO8PHA,"Pimple Problem and still using Soap? Now no more excuses, it's time to switch (Manipur)",15,2488,"Science validates that soap can increase pimples and Himalaya Purifying Neem Face Wash prevents pimples from reoccurring.

Himalaya Purifying Neem Face Wash is clinically proven^. It has antibacterial goodness of neem and turmeric. It clears pimples and makes skin healthy^^.


For Pimples, Trust Science – Himalaya Purifying Neem Face Wash.


*ordinary toilet soap

^ clinical study by dermatologists

^^ healthy skin refers to improved skin conditioning

Buy Now: https://bit.ly/3cfqJHE

Follow us on: Instagram: https://bit.ly/3IDVp1i

Facebook: https://bit.ly/3yEDDql",2022-11-02,Howto & Style
https://www.youtube.com/watch?v=j1aVgvZh4s4,"Pimple Problem and still using Soap? Now no more excuses, it's time to switch (Marathi)",15,2106,"Science validates that soap can increase pimples and Himalaya Purifying Neem Face Wash prevents pimples from reoccurring.

Himalaya Purifying Neem Face Wash is clinically proven^. It has antibacterial goodness of neem and turmeric. It clears pimples and makes skin healthy^^.

For Pimples, Trust Science – Himalaya Purifying Neem Face Wash.


*ordinary toilet soap

^ clinical study by dermatologists

^^ healthy skin refers to improved skin conditioning


Buy Now: https://bit.ly/3cfqJHE

Follow us on: Instagram: https://bit.ly/3IDVp1i

Facebook: https://bit.ly/3yEDDql",2022-11-02,Howto & Style
https://www.youtube.com/watch?v=4D8h-lsuE0s,"Pimple Problem and still using Soap? Now no more excuses, it's time to switch (Mizoram)",15,1891,"Science validates that soap can increase pimples and Himalaya Purifying Neem Face Wash prevents pimples from reoccurring.

Himalaya Purifying Neem Face Wash is clinically proven^. It has antibacterial goodness of neem and turmeric. It clears pimples and makes skin healthy^^.

For Pimples, Trust Science – Himalaya Purifying Neem Face Wash.


*ordinary toilet soap

^ clinical study by dermatologists

^^ healthy skin refers to improved skin conditioning


Buy Now: https://bit.ly/3cfqJHE

Follow us on: Instagram: https://bit.ly/3IDVp1i

Facebook: https://bit.ly/3yEDDql",2022-11-02,Howto & Style
https://www.youtube.com/watch?v=eGu2Mh7OVks,"Pimple Problem and still using Soap? Now no more excuses, it's time to switch (ORIYA)",15,2336,"Science validates that soap can increase pimples and Himalaya Purifying Neem Face Wash prevents pimples from reoccurring.

Himalaya Purifying Neem Face Wash is clinically proven^. It has antibacterial goodness of neem and turmeric. It clears pimples and makes skin healthy^^.

For Pimples, Trust Science – Himalaya Purifying Neem Face Wash.


*ordinary toilet soap

^ clinical study by dermatologists

^^ healthy skin refers to improved skin conditioning


Buy Now: https://bit.ly/3cfqJHE

Follow us on: Instagram: https://bit.ly/3IDVp1i

Facebook: https://bit.ly/3yEDDql",2022-11-02,Howto & Style
https://www.youtube.com/watch?v=GYLJzOG7ILs,"Pimple Problem and still using Soap? Now no more excuses, it's time to switch (Punjabi)",15,2287,"Science validates that soap can increase pimples and Himalaya Purifying Neem Face Wash prevents pimples from reoccurring.

Himalaya Purifying Neem Face Wash is clinically proven^. It has antibacterial goodness of neem and turmeric. It clears pimples and makes skin healthy^^.

For Pimples, Trust Science – Himalaya Purifying Neem Face Wash.


*ordinary toilet soap

^ clinical study by dermatologists

^^ healthy skin refers to improved skin conditioning


Buy Now: https://bit.ly/3cfqJHE

Follow us on: Instagram: https://bit.ly/3IDVp1i

Facebook: https://bit.ly/3yEDDql",2022-11-02,Howto & Style
https://www.youtube.com/watch?v=o1Ug-3B2mp0,"Pimple Problem and still using Soap? Now no more excuses, it's time to switch (Tamil)",15,1448,"Science validates that soap can increase pimples and Himalaya Purifying Neem Face Wash prevents pimples from reoccurring.

Himalaya Purifying Neem Face Wash is clinically proven^. It has antibacterial goodness of neem and turmeric. It clears pimples and makes skin healthy^^.

For Pimples, Trust Science – Himalaya Purifying Neem Face Wash.


*ordinary toilet soap

^ clinical study by dermatologists

^^ healthy skin refers to improved skin conditioning


Buy Now: https://bit.ly/3cfqJHE

Follow us on: Instagram: https://bit.ly/3IDVp1i

Facebook: https://bit.ly/3yEDDql",2022-11-02,Howto & Style
https://www.youtube.com/watch?v=mETZTcaPyRQ,"Pimple Problem and still using Soap? Now no more excuses, it's time to switch (Telugu)",15,2422,"Science validates that soap can increase pimples and Himalaya Purifying Neem Face Wash prevents pimples from reoccurring.

Himalaya Purifying Neem Face Wash is clinically proven^. It has antibacterial goodness of neem and turmeric. It clears pimples and makes skin healthy^^.

For Pimples, Trust Science – Himalaya Purifying Neem Face Wash.


*ordinary toilet soap

^ clinical study by dermatologists

^^ healthy skin refers to improved skin conditioning


Buy Now: https://bit.ly/3cfqJHE

Follow us on: Instagram: https://bit.ly/3IDVp1i

Facebook: https://bit.ly/3yEDDql",2022-11-02,Howto & Style
https://www.youtube.com/watch?v=-voonIebpxI,"Pimple Problem and still using Soap? Now no more excuses, it's time to switch(ASSAMESE)",15,2859,"Science validates that soap can increase pimples and Himalaya Purifying Neem Face Wash prevents pimples from reoccurring.

Himalaya Purifying Neem Face Wash is clinically proven^. It has antibacterial goodness of neem and turmeric. It clears pimples and makes skin healthy^^.

For Pimples, Trust Science – Himalaya Purifying Neem Face Wash.


*ordinary toilet soap

^ clinical study by dermatologists

^^ healthy skin refers to improved skin conditioning


Buy Now: https://bit.ly/3cfqJHE

Follow us on: Instagram: https://bit.ly/3IDVp1i

Facebook: https://bit.ly/3yEDDql",2022-11-02,Howto & Style
https://www.youtube.com/watch?v=Ofj4ziDr0wk,"Pimple Problem and still using Soap? Now no more excuses, it's time to switch (Bengali)",15,2501,"Science validates that soap can increase pimples and Himalaya Purifying Neem Face Wash prevents pimples from reoccurring.

Himalaya Purifying Neem Face Wash is clinically proven^. It has antibacterial goodness of neem and turmeric. It clears pimples and makes skin healthy^^.

For Pimples, Trust Science – Himalaya Purifying Neem Face Wash.


*ordinary toilet soap

^ clinical study by dermatologists

^^ healthy skin refers to improved skin conditioning


Buy Now: https://bit.ly/3cfqJHE

Follow us on: Instagram: https://bit.ly/3IDVp1i

Facebook: https://bit.ly/3yEDDql",2022-11-02,Howto & Style
https://www.youtube.com/watch?v=Rx9KMYP2-sk,"Pimple Problem and still using Soap? Now no more excuses, it's time to switch (BHOJPURI)",15,3588,"Science validates that soap can increase pimples and Himalaya Purifying Neem Face Wash prevents pimples from reoccurring.

Himalaya Purifying Neem Face Wash is clinically proven^. It has antibacterial goodness of neem and turmeric. It clears pimples and makes skin healthy^^.

For Pimples, Trust Science – Himalaya Purifying Neem Face Wash.


*ordinary toilet soap

^ clinical study by dermatologists

^^ healthy skin refers to improved skin conditioning


Buy Now: https://bit.ly/3cfqJHE

Follow us on: Instagram: https://bit.ly/3IDVp1i

Facebook: https://bit.ly/3yEDDql",2022-11-02,Howto & Style
https://www.youtube.com/watch?v=xvMOHMM1KEg,"Pimple Problem and still using Soap? Now no more excuses, it's time to switch (English)",15,2473,"Science validates that soap can increase pimples and Himalaya Purifying Neem Face Wash prevents pimples from reoccurring.

Himalaya Purifying Neem Face Wash is clinically proven^. It has antibacterial goodness of neem and turmeric. It clears pimples and makes skin healthy^^.

For Pimples, Trust Science – Himalaya Purifying Neem Face Wash.


*ordinary toilet soap

^ clinical study by dermatologists

^^ healthy skin refers to improved skin conditioning


Buy Now: https://bit.ly/3cfqJHE

Follow us on: Instagram: https://bit.ly/3IDVp1i

Facebook: https://bit.ly/3yEDDql",2022-11-02,Howto & Style
https://www.youtube.com/watch?v=rh_wimrm0cY,"Pimple Problem and still using Soap? Now no more excuses, it's time to switch (Hindi)",15,2553,"Science validates that soap can increase pimples and Himalaya Purifying Neem Face Wash prevents pimples from reoccurring.

Himalaya Purifying Neem Face Wash is clinically proven^. It has antibacterial goodness of neem and turmeric. It clears pimples and makes skin healthy^^.

For Pimples, Trust Science – Himalaya Purifying Neem Face Wash.


*ordinary toilet soap

^ clinical study by dermatologists

^^ healthy skin refers to improved skin conditioning


Buy Now: https://bit.ly/3cfqJHE

Follow us on: Instagram: https://bit.ly/3IDVp1i

Facebook: https://bit.ly/3yEDDql",2022-11-02,Howto & Style
https://www.youtube.com/watch?v=IjcTLi5x6no,"Pimple Problem and still using Soap? Now no more excuses, it's time to switch (Kannada)",15,5012,"Science validates that soap can increase pimples and Himalaya Purifying Neem Face Wash prevents pimples from reoccurring.

Himalaya Purifying Neem Face Wash is clinically proven^. It has antibacterial goodness of neem and turmeric. It clears pimples and makes skin healthy^^.

For Pimples, Trust Science – Himalaya Purifying Neem Face Wash.


*ordinary toilet soap

^ clinical study by dermatologists

^^ healthy skin refers to improved skin conditioning


Buy Now: https://bit.ly/3cfqJHE

Follow us on: Instagram: https://bit.ly/3IDVp1i

Facebook: https://bit.ly/3yEDDql",2022-11-02,Howto & Style
https://www.youtube.com/watch?v=EWYdEMq00mU,"Pimple Problem and still using Soap? Now no more excuses, it's time to switch (Malayalam)",15,2621,"Science validates that soap can increase pimples and Himalaya Purifying Neem Face Wash prevents pimples from reoccurring.

Himalaya Purifying Neem Face Wash is clinically proven^. It has antibacterial goodness of neem and turmeric. It clears pimples and makes skin healthy^^.

For Pimples, Trust Science – Himalaya Purifying Neem Face Wash.


*ordinary toilet soap

^ clinical study by dermatologists

^^ healthy skin refers to improved skin conditioning


Buy Now: https://bit.ly/3cfqJHE

Follow us on: Instagram: https://bit.ly/3IDVp1i

Facebook: https://bit.ly/3yEDDql",2022-11-02,Howto & Style
https://www.youtube.com/watch?v=YU4caqbKFFw,"Pimple Problem and still using Soap? Now no more excuses, it's time to switch (Assamese)",15,1388,"Science validates that soap can increase pimples and Himalaya Purifying Neem Face Wash prevents pimples from reoccurring.

Himalaya Purifying Neem Face Wash is clinically proven^. It has antibacterial goodness of neem and turmeric. It clears pimples and makes skin healthy^^.

For Pimples, Trust Science – Himalaya Purifying Neem Face Wash.


*ordinary toilet soap

^ clinical study by dermatologists

^^ healthy skin refers to improved skin conditioning


Buy Now: https://bit.ly/3cfqJHE

Follow us on: Instagram: https://bit.ly/3IDVp1i

Facebook: https://bit.ly/3yEDDql",2022-11-02,Howto & Style
https://www.youtube.com/watch?v=ChCembguE3M,"Pimple Problem and still using Soap? Now no more excuses, it's time to switch BENGALI HD",15,2162,"Science validates that soap can increase pimples and Himalaya Purifying Neem Face Wash prevents pimples from reoccurring.

Himalaya Purifying Neem Face Wash is clinically proven^. It has antibacterial goodness of neem and turmeric. It clears pimples and makes skin healthy^^.

For Pimples, Trust Science – Himalaya Purifying Neem Face Wash.


*ordinary toilet soap

^ clinical study by dermatologists

^^ healthy skin refers to improved skin conditioning


Buy Now: https://bit.ly/3cfqJHE

Follow us on: Instagram: https://bit.ly/3IDVp1i

Facebook: https://bit.ly/3yEDDql",2022-11-02,Howto & Style
https://www.youtube.com/watch?v=2MwEqrqG3NU,"Pimple Problem and still using Soap? Now no more excuses, it's time to switch BHOJPURI HD",15,1704,"Science validates that soap can increase pimples and Himalaya Purifying Neem Face Wash prevents pimples from reoccurring.

Himalaya Purifying Neem Face Wash is clinically proven^. It has antibacterial goodness of neem and turmeric. It clears pimples and makes skin healthy^^.

For Pimples, Trust Science – Himalaya Purifying Neem Face Wash.


*ordinary toilet soap

^ clinical study by dermatologists

^^ healthy skin refers to improved skin conditioning


Buy Now: https://bit.ly/3cfqJHE

Follow us on: Instagram: https://bit.ly/3IDVp1i

Facebook: https://bit.ly/3yEDDql",2022-11-02,Howto & Style
https://www.youtube.com/watch?v=ydB2nnyAcV4,"Pimple Problem and still using Soap? Now no more excuses, it's time to switch ENGLISH HD",15,3202,"Science validates that soap can increase pimples and Himalaya Purifying Neem Face Wash prevents pimples from reoccurring.

Himalaya Purifying Neem Face Wash is clinically proven^. It has antibacterial goodness of neem and turmeric. It clears pimples and makes skin healthy^^.

For Pimples, Trust Science – Himalaya Purifying Neem Face Wash.


*ordinary toilet soap

^ clinical study by dermatologists

^^ healthy skin refers to improved skin conditioning


Buy Now: https://bit.ly/3cfqJHE

Follow us on: Instagram: https://bit.ly/3IDVp1i

Facebook: https://bit.ly/3yEDDql",2022-11-02,Howto & Style
https://www.youtube.com/watch?v=6WLcCDZdNcI,"Pimple Problem and still using Soap? Now no more excuses, it's time to switch HINDI",15,308,"Science validates that soap can increase pimples and Himalaya Purifying Neem Face Wash prevents pimples from reoccurring.

Himalaya Purifying Neem Face Wash is clinically proven^. It has antibacterial goodness of neem and turmeric. It clears pimples and makes skin healthy^^.

For Pimples, Trust Science – Himalaya Purifying Neem Face Wash.


*ordinary toilet soap

^ clinical study by dermatologists

^^ healthy skin refers to improved skin conditioning


Buy Now: https://bit.ly/3cfqJHE

Follow us on: Instagram: https://bit.ly/3IDVp1i

Facebook: https://bit.ly/3yEDDql",2022-11-02,Howto & Style
https://www.youtube.com/watch?v=MYzUAS3M_AY,"Pimple Problem and still using Soap? Now no more excuses, it's time to switch KANNADA HD",15,100,"Science validates that soap can increase pimples and Himalaya Purifying Neem Face Wash prevents pimples from reoccurring.

Himalaya Purifying Neem Face Wash is clinically proven^. It has antibacterial goodness of neem and turmeric. It clears pimples and makes skin healthy^^.

For Pimples, Trust Science – Himalaya Purifying Neem Face Wash.


*ordinary toilet soap

^ clinical study by dermatologists

^^ healthy skin refers to improved skin conditioning


Buy Now: https://bit.ly/3cfqJHE

Follow us on: Instagram: https://bit.ly/3IDVp1i

Facebook: https://bit.ly/3yEDDql",2022-11-02,Howto & Style
https://www.youtube.com/watch?v=vin6kQAMMnk,"Pimple Problem and still using Soap? Now no more excuses, it's time to switch MALAYALAM HD",15,109,"Science validates that soap can increase pimples and Himalaya Purifying Neem Face Wash prevents pimples from reoccurring.

Himalaya Purifying Neem Face Wash is clinically proven^. It has antibacterial goodness of neem and turmeric. It clears pimples and makes skin healthy^^.

For Pimples, Trust Science – Himalaya Purifying Neem Face Wash.


*ordinary toilet soap

^ clinical study by dermatologists

^^ healthy skin refers to improved skin conditioning


Buy Now: https://bit.ly/3cfqJHE

Follow us on: Instagram: https://bit.ly/3IDVp1i

Facebook: https://bit.ly/3yEDDql",2022-11-02,Howto & Style
https://www.youtube.com/watch?v=F7f9mokfzMo,"Pimple Problem and still using Soap? Now no more excuses, it's time to switch MANIPURI HD",15,117,"Science validates that soap can increase pimples and Himalaya Purifying Neem Face Wash prevents pimples from reoccurring.

Himalaya Purifying Neem Face Wash is clinically proven^. It has antibacterial goodness of neem and turmeric. It clears pimples and makes skin healthy^^.

For Pimples, Trust Science – Himalaya Purifying Neem Face Wash.


*ordinary toilet soap

^ clinical study by dermatologists

^^ healthy skin refers to improved skin conditioning


Buy Now: https://bit.ly/3cfqJHE

Follow us on: Instagram: https://bit.ly/3IDVp1i

Facebook: https://bit.ly/3yEDDql",2022-11-02,Howto & Style
https://www.youtube.com/watch?v=xPEe-etlOWI,"Pimple Problem and still using Soap? Now no more excuses, it's time to switch MARATHI HD",15,156,"Science validates that soap can increase pimples and Himalaya Purifying Neem Face Wash prevents pimples from reoccurring.

Himalaya Purifying Neem Face Wash is clinically proven^. It has antibacterial goodness of neem and turmeric. It clears pimples and makes skin healthy^^.

For Pimples, Trust Science – Himalaya Purifying Neem Face Wash.


*ordinary toilet soap

^ clinical study by dermatologists

^^ healthy skin refers to improved skin conditioning


Buy Now: https://bit.ly/3cfqJHE

Follow us on: Instagram: https://bit.ly/3IDVp1i

Facebook: https://bit.ly/3yEDDql",2022-11-02,Howto & Style
https://www.youtube.com/watch?v=QduPADHusxY,"Pimple Problem and still using Soap? Now no more excuses, it's time to switch MIZORAM HD",15,92,"Science validates that soap can increase pimples and Himalaya Purifying Neem Face Wash prevents pimples from reoccurring.

Himalaya Purifying Neem Face Wash is clinically proven^. It has antibacterial goodness of neem and turmeric. It clears pimples and makes skin healthy^^.

For Pimples, Trust Science – Himalaya Purifying Neem Face Wash.


*ordinary toilet soap

^ clinical study by dermatologists

^^ healthy skin refers to improved skin conditioning


Buy Now: https://bit.ly/3cfqJHE

Follow us on: Instagram: https://bit.ly/3IDVp1i

Facebook: https://bit.ly/3yEDDql",2022-11-02,Howto & Style
https://www.youtube.com/watch?v=vkTQaFklzk8,"Pimple Problem and still using Soap? Now no more excuses, it's time to switch ODIYA HD",15,111,"Science validates that soap can increase pimples and Himalaya Purifying Neem Face Wash prevents pimples from reoccurring.

Himalaya Purifying Neem Face Wash is clinically proven^. It has antibacterial goodness of neem and turmeric. It clears pimples and makes skin healthy^^.

For Pimples, Trust Science – Himalaya Purifying Neem Face Wash.


*ordinary toilet soap

^ clinical study by dermatologists

^^ healthy skin refers to improved skin conditioning


Buy Now: https://bit.ly/3cfqJHE

Follow us on: Instagram: https://bit.ly/3IDVp1i

Facebook: https://bit.ly/3yEDDql",2022-11-02,Howto & Style
https://www.youtube.com/watch?v=m2FjaoIxPRY,"Pimple Problem and still using Soap? Now no more excuses, it's time to switch PUNJABI HD",15,117,"Science validates that soap can increase pimples and Himalaya Purifying Neem Face Wash prevents pimples from reoccurring.

Himalaya Purifying Neem Face Wash is clinically proven^. It has antibacterial goodness of neem and turmeric. It clears pimples and makes skin healthy^^.

For Pimples, Trust Science – Himalaya Purifying Neem Face Wash.


*ordinary toilet soap

^ clinical study by dermatologists

^^ healthy skin refers to improved skin conditioning


Buy Now: https://bit.ly/3cfqJHE

Follow us on: Instagram: https://bit.ly/3IDVp1i

Facebook: https://bit.ly/3yEDDql",2022-11-02,Howto & Style
https://www.youtube.com/watch?v=v-SyXaRHKjA,"Pimple Problem and still using Soap? Now no more excuses, it's time to switch TAMIL HD",15,175,"Science validates that soap can increase pimples and Himalaya Purifying Neem Face Wash prevents pimples from reoccurring.

Himalaya Purifying Neem Face Wash is clinically proven^. It has antibacterial goodness of neem and turmeric. It clears pimples and makes skin healthy^^.

For Pimples, Trust Science – Himalaya Purifying Neem Face Wash.


*ordinary toilet soap

^ clinical study by dermatologists

^^ healthy skin refers to improved skin conditioning


Buy Now: https://bit.ly/3cfqJHE

Follow us on: Instagram: https://bit.ly/3IDVp1i

Facebook: https://bit.ly/3yEDDql",2022-11-02,Howto & Style
https://www.youtube.com/watch?v=bPLkp4PA4YQ,"Pimple Problem and still using Soap? Now no more excuses, it's time to switch TELUGU HD",15,205,"Science validates that soap can increase pimples and Himalaya Purifying Neem Face Wash prevents pimples from reoccurring.

Himalaya Purifying Neem Face Wash is clinically proven^. It has antibacterial goodness of neem and turmeric. It clears pimples and makes skin healthy^^.

For Pimples, Trust Science – Himalaya Purifying Neem Face Wash.


*ordinary toilet soap

^ clinical study by dermatologists

^^ healthy skin refers to improved skin conditioning


Buy Now: https://bit.ly/3cfqJHE

Follow us on: Instagram: https://bit.ly/3IDVp1i

Facebook: https://bit.ly/3yEDDql",2022-11-02,Howto & Style
https://www.youtube.com/watch?v=qAYYrw55TJA,"Pimple Problem and still using Soap? Now no more excuses, it's time to switch ASSAMESE HD",15,149,"Science validates that soap can increase pimples and Himalaya Purifying Neem Face Wash prevents pimples from reoccurring.

Himalaya Purifying Neem Face Wash is clinically proven^. It has antibacterial goodness of neem and turmeric. It clears pimples and makes skin healthy^^.

For Pimples, Trust Science – Himalaya Purifying Neem Face Wash.


*ordinary toilet soap

^ clinical study by dermatologists

^^ healthy skin refers to improved skin conditioning


Buy Now: https://bit.ly/3cfqJHE

Follow us on: Instagram: https://bit.ly/3IDVp1i

Facebook: https://bit.ly/3yEDDql",2022-11-02,Howto & Style
https://www.youtube.com/watch?v=oeND0eiL-WQ,"Pimple Problem and still using Soap? Now no more excuses, it's time to switch BENGALI HD",15,117,"Science validates that soap can increase pimples and Himalaya Purifying Neem Face Wash prevents pimples from reoccurring.

Himalaya Purifying Neem Face Wash is clinically proven^. It has antibacterial goodness of neem and turmeric. It clears pimples and makes skin healthy^^.

For Pimples, Trust Science – Himalaya Purifying Neem Face Wash. 

*ordinary toilet soap
^ clinical study by dermatologists
^^ healthy skin refers to improved skin conditioning

Buy Now: https://bit.ly/3cfqJHE
Follow us on: Instagram: https://bit.ly/3IDVp1i
Facebook: https://bit.ly/3yEDDql",2022-11-02,Howto & Style
https://www.youtube.com/watch?v=Bs9eQ9CIZ2M,"Pimple Problem and still using Soap? Now no more excuses, it's time to switch BHOJPURI HD",15,133,"Science validates that soap can increase pimples and Himalaya Purifying Neem Face Wash prevents pimples from reoccurring.

Himalaya Purifying Neem Face Wash is clinically proven^. It has antibacterial goodness of neem and turmeric. It clears pimples and makes skin healthy^^.

For Pimples, Trust Science – Himalaya Purifying Neem Face Wash. 

*ordinary toilet soap
^ clinical study by dermatologists
^^ healthy skin refers to improved skin conditioning

Buy Now: https://bit.ly/3cfqJHE
Follow us on: Instagram: https://bit.ly/3IDVp1i
Facebook: https://bit.ly/3yEDDql",2022-11-02,Howto & Style
https://www.youtube.com/watch?v=HIVXv6HY4QY,"Pimple Problem and still using Soap? Now no more excuses, it's time to switch ENGLISH HD",15,162,"Science validates that soap can increase pimples and Himalaya Purifying Neem Face Wash prevents pimples from reoccurring.

Himalaya Purifying Neem Face Wash is clinically proven^. It has antibacterial goodness of neem and turmeric. It clears pimples and makes skin healthy^^.

For Pimples, Trust Science – Himalaya Purifying Neem Face Wash. 

*ordinary toilet soap
^ clinical study by dermatologists
^^ healthy skin refers to improved skin conditioning

Buy Now: https://bit.ly/3cfqJHE
Follow us on: Instagram: https://bit.ly/3IDVp1i
Facebook: https://bit.ly/3yEDDql",2022-11-02,Howto & Style
https://www.youtube.com/watch?v=y1YEAe6_apE,"Pimple Problem and still using Soap? Now no more excuses, it's time to switch HINDI",15,448,"Science validates that soap can increase pimples and Himalaya Purifying Neem Face Wash prevents pimples from reoccurring.

Himalaya Purifying Neem Face Wash is clinically proven^. It has antibacterial goodness of neem and turmeric. It clears pimples and makes skin healthy^^.

For Pimples, Trust Science – Himalaya Purifying Neem Face Wash. 

*ordinary toilet soap
^ clinical study by dermatologists
^^ healthy skin refers to improved skin conditioning

Buy Now: https://bit.ly/3cfqJHE
Follow us on: Instagram: https://bit.ly/3IDVp1i
Facebook: https://bit.ly/3yEDDql",2022-11-02,Howto & Style
https://www.youtube.com/watch?v=zRuOBGYkx7U,"Pimple Problem and still using Soap? Now no more excuses, it's time to switch KANNADA  HD",15,90,"Science validates that soap can increase pimples and Himalaya Purifying Neem Face Wash prevents pimples from reoccurring.

Himalaya Purifying Neem Face Wash is clinically proven^. It has antibacterial goodness of neem and turmeric. It clears pimples and makes skin healthy^^.

For Pimples, Trust Science – Himalaya Purifying Neem Face Wash. 

*ordinary toilet soap
^ clinical study by dermatologists
^^ healthy skin refers to improved skin conditioning

Buy Now: https://bit.ly/3cfqJHE
Follow us on: Instagram: https://bit.ly/3IDVp1i
Facebook: https://bit.ly/3yEDDql",2022-11-02,Howto & Style
https://www.youtube.com/watch?v=tdTHTVQdDXI,"Pimple Problem and still using Soap? Now no more excuses, it's time to switch MALAYALAM HD",15,106,"Science validates that soap can increase pimples and Himalaya Purifying Neem Face Wash prevents pimples from reoccurring.

Himalaya Purifying Neem Face Wash is clinically proven^. It has antibacterial goodness of neem and turmeric. It clears pimples and makes skin healthy^^.

For Pimples, Trust Science – Himalaya Purifying Neem Face Wash. 

*ordinary toilet soap
^ clinical study by dermatologists
^^ healthy skin refers to improved skin conditioning

Buy Now: https://bit.ly/3cfqJHE
Follow us on: Instagram: https://bit.ly/3IDVp1i
Facebook: https://bit.ly/3yEDDql",2022-11-02,Howto & Style
https://www.youtube.com/watch?v=3cU0X-3kyvQ,"Pimple Problem and still using Soap? Now no more excuses, it's time to switch MANIPURI HD",15,474,"Science validates that soap can increase pimples and Himalaya Purifying Neem Face Wash prevents pimples from reoccurring.

Himalaya Purifying Neem Face Wash is clinically proven^. It has antibacterial goodness of neem and turmeric. It clears pimples and makes skin healthy^^.

For Pimples, Trust Science – Himalaya Purifying Neem Face Wash. 

*ordinary toilet soap
^ clinical study by dermatologists
^^ healthy skin refers to improved skin conditioning

Buy Now: https://bit.ly/3cfqJHE
Follow us on: Instagram: https://bit.ly/3IDVp1i
Facebook: https://bit.ly/3yEDDql",2022-11-02,Howto & Style
https://www.youtube.com/watch?v=d_hS6L8F44Q,"Pimple Problem and still using Soap? Now no more excuses, it's time to switch MARATHI HD",15,744,"Science validates that soap can increase pimples and Himalaya Purifying Neem Face Wash prevents pimples from reoccurring.

Himalaya Purifying Neem Face Wash is clinically proven^. It has antibacterial goodness of neem and turmeric. It clears pimples and makes skin healthy^^.

For Pimples, Trust Science – Himalaya Purifying Neem Face Wash. 

*ordinary toilet soap
^ clinical study by dermatologists
^^ healthy skin refers to improved skin conditioning

Buy Now: https://bit.ly/3cfqJHE
Follow us on: Instagram: https://bit.ly/3IDVp1i
Facebook: https://bit.ly/3yEDDql",2022-11-02,Howto & Style
https://www.youtube.com/watch?v=AJUKBeQqT08,"Pimple Problem and still using Soap? Now no more excuses, it's time to switch MIZORAM",15,82,"Science validates that soap can increase pimples and Himalaya Purifying Neem Face Wash prevents pimples from reoccurring.

Himalaya Purifying Neem Face Wash is clinically proven^. It has antibacterial goodness of neem and turmeric. It clears pimples and makes skin healthy^^.

For Pimples, Trust Science – Himalaya Purifying Neem Face Wash. 

*ordinary toilet soap
^ clinical study by dermatologists
^^ healthy skin refers to improved skin conditioning

Buy Now: https://bit.ly/3cfqJHE
Follow us on: Instagram: https://bit.ly/3IDVp1i
Facebook: https://bit.ly/3yEDDql",2022-11-02,Howto & Style
https://www.youtube.com/watch?v=2MSPx2b140k,"Pimple Problem and still using Soap? Now no more excuses, it's time to switch ODIYA HD",15,144,"Science validates that soap can increase pimples and Himalaya Purifying Neem Face Wash prevents pimples from reoccurring.

Himalaya Purifying Neem Face Wash is clinically proven^. It has antibacterial goodness of neem and turmeric. It clears pimples and makes skin healthy^^.

For Pimples, Trust Science – Himalaya Purifying Neem Face Wash. 

*ordinary toilet soap
^ clinical study by dermatologists
^^ healthy skin refers to improved skin conditioning

Buy Now: https://bit.ly/3cfqJHE
Follow us on: Instagram: https://bit.ly/3IDVp1i
Facebook: https://bit.ly/3yEDDql",2022-11-02,Howto & Style
https://www.youtube.com/watch?v=E1w5h_perxc,"Pimple Problem and still using Soap? Now no more excuses, it's time to switch PUNJABI HD",15,80,"Science validates that soap can increase pimples and Himalaya Purifying Neem Face Wash prevents pimples from reoccurring.

Himalaya Purifying Neem Face Wash is clinically proven^. It has antibacterial goodness of neem and turmeric. It clears pimples and makes skin healthy^^.

For Pimples, Trust Science – Himalaya Purifying Neem Face Wash. 

*ordinary toilet soap
^ clinical study by dermatologists
^^ healthy skin refers to improved skin conditioning

Buy Now: https://bit.ly/3cfqJHE
Follow us on: Instagram: https://bit.ly/3IDVp1i
Facebook: https://bit.ly/3yEDDql",2022-11-02,Howto & Style
https://www.youtube.com/watch?v=8Nnl-8sU8tE,"Pimple Problem and still using Soap? Now no more excuses, it's time to switch TAMIL HD",15,138,"Science validates that soap can increase pimples and Himalaya Purifying Neem Face Wash prevents pimples from reoccurring.

Himalaya Purifying Neem Face Wash is clinically proven^. It has antibacterial goodness of neem and turmeric. It clears pimples and makes skin healthy^^.

For Pimples, Trust Science – Himalaya Purifying Neem Face Wash. 

*ordinary toilet soap
^ clinical study by dermatologists
^^ healthy skin refers to improved skin conditioning

Buy Now: https://bit.ly/3cfqJHE
Follow us on: Instagram: https://bit.ly/3IDVp1i
Facebook: https://bit.ly/3yEDDql",2022-11-02,Howto & Style
https://www.youtube.com/watch?v=xfEAUq5YMqg,"Pimple Problem and still using Soap? Now no more excuses, it's time to switch TELUGU HD",15,221,"Science validates that soap can increase pimples and Himalaya Purifying Neem Face Wash prevents pimples from reoccurring.

Himalaya Purifying Neem Face Wash is clinically proven^. It has antibacterial goodness of neem and turmeric. It clears pimples and makes skin healthy^^.

For Pimples, Trust Science – Himalaya Purifying Neem Face Wash. 

*ordinary toilet soap
^ clinical study by dermatologists
^^ healthy skin refers to improved skin conditioning

Buy Now: https://bit.ly/3cfqJHE
Follow us on: Instagram: https://bit.ly/3IDVp1i
Facebook: https://bit.ly/3yEDDql",2022-11-02,Howto & Style
https://www.youtube.com/watch?v=opKElxUhSiU,Himalaya Anti Hair Fall Solution - 6 sec English,6,540,"Himalaya's Anti-Hair Fall Solution is proven to reduce hair fall. It is enriched with goodness of Bhringraja; an age-old trusted herb that helps promote hair growth and Palasha; that helps reduce hair fall due to breakage. 
Fortified with herbal ingredients our solution is effective and gentle, leaving your hair beautiful and healthy.",2022-11-02,Howto & Style
https://www.youtube.com/watch?v=UFyJDsIiSvQ,Himalaya Anti Hair Fall Solution - 20 sec Hindi,20,122611,"Himalaya's Anti-Hair Fall Solution is proven to reduce hair fall. It is enriched with goodness of Bhringraja; an age-old trusted herb that helps promote hair growth and Palasha; that helps reduce hair fall due to breakage. 
Fortified with herbal ingredients our solution is effective and gentle, leaving your hair beautiful and healthy.",2022-10-27,Howto & Style
https://www.youtube.com/watch?v=3RMjjsf_Dyo,Himalaya Anti Hair Fall Solution - 6 sec Hindi,6,1220,"Himalaya's Anti-Hair Fall Solution is proven to reduce hair fall. It is enriched with goodness of Bhringraja; an age-old trusted herb that helps promote hair growth and Palasha; that helps reduce hair fall due to breakage. 
Fortified with herbal ingredients our solution is effective and gentle, leaving your hair beautiful and healthy.",2022-10-27,Howto & Style
https://www.youtube.com/watch?v=fCTL6KrVZCY,#KaunJeetega Bole Rishabh Pant by HimalayaMensPimpleClearNeemFacewash,20,1593,"Iss world cup match mein #KaunJeetega? Tap the link below and predict your winners for the cup! Hurry and win amazing prizes.

 https://bit.ly/3z2AC3S


 

Par yaad rakhna #T20worldcup koi bhi jeete, pimples ke against jeet guaranteed hai, thanks to #LadkonKePimplesKaSahiSolution!


Buy Now: https://bit.ly/3VLFKU5
Follow us on: Instagram: https://www.instagram.com/himalaya.men/?hl=en

#HimalayaMen #ContestAlert #Contest #ParticipateNow",2022-10-22,Howto & Style
https://www.youtube.com/watch?v=rVyvxYw6A5I,Himalaya Purifying Neem Face Wash - Now in an exciting new look,5,2103,"Science says that Soap* can increase pimples and Himalaya Purifying Neem Face Wash prevents pimples from reoccurring. Himalaya Purifying Neem Face Wash is clinically proven^. It has antibacterial goodness of neem and turmeric. It clears pimples and makes skin healthy^^. Moreover, It is trusted and loved by crores of Indian teenagers^^^ and backed by 90 years of assurance from Himalaya.

 

*ordinary toilet soap
^ clinical study by dermatologists
^^ healthy skin refers to improved skin conditioning
^^^ Kantar consumer survey

 

Buy Now: https://bit.ly/3cfqJHE
Follow us on: Instagram: https://bit.ly/3IDVp1i
Facebook: https://bit.ly/3yEDDql

 

#PimpleScience #ScienceOverSoapForPimples #ScienceoverSoap
#NoSoapOnPimpleFace #TrustScienceTrustHimalaya",2022-10-21,Howto & Style
https://www.youtube.com/watch?v=q8uphy9Hxj8,Himalaya Purifying Neem Face Wash - Now in an exciting new look,5,1524,"Science says that Soap* can increase pimples and Himalaya Purifying Neem Face Wash prevents pimples from reoccurring. Himalaya Purifying Neem Face Wash is clinically proven^. It has antibacterial goodness of neem and turmeric. It clears pimples and makes skin healthy^^. Moreover, It is trusted and loved by crores of Indian teenagers^^^ and backed by 90 years of assurance from Himalaya.

 

*ordinary toilet soap

^ clinical study by dermatologists

^^ healthy skin refers to improved skin conditioning

^^^ Kantar consumer survey

 

Buy Now: https://bit.ly/3cfqJHE

Follow us on: Instagram: https://bit.ly/3IDVp1i

Facebook: https://bit.ly/3yEDDql

 

#PimpleScience #ScienceOverSoapForPimples #ScienceoverSoap

#NoSoapOnPimpleFace #TrustScienceTrustHimalaya",2022-10-21,Howto & Style
https://www.youtube.com/watch?v=S93A5abop6I,"For Pimples, Trust Science – Himalaya Purifying Neem Face Wash (TELUGU)",30,1379510,"Science says that Soap* can increase pimples and Himalaya Purifying Neem Face Wash prevents pimples from reoccurring. Himalaya Purifying Neem Face Wash is clinically proven^. It has antibacterial goodness of neem and turmeric. It clears pimples and makes skin healthy^^. Moreover, It is trusted and loved by crores of Indian teenagers^^^ and backed by 90 years of assurance from Himalaya.
 
*ordinary toilet soap
^ clinical study by dermatologists
^^ healthy skin refers to improved skin conditioning
^^^ Kantar consumer survey
 
Buy Now: https://bit.ly/3cfqJHE
Follow us on: Instagram: https://bit.ly/3IDVp1i
Facebook: https://bit.ly/3yEDDql
 
#PimpleScience
#ScienceOverSoapForPimples
#ScienceoverSoap
#NoSoapOnPimpleFace
#TrustScienceTrustHimalaya",2022-10-19,Howto & Style
https://www.youtube.com/watch?v=dBtP7xce0Ao,"For Pimples, Trust Science – Himalaya Purifying Neem Face Wash (TAMIL)",30,762014,"Science says that Soap* can increase pimples and Himalaya Purifying Neem Face Wash prevents pimples from reoccurring. Himalaya Purifying Neem Face Wash is clinically proven^. It has antibacterial goodness of neem and turmeric. It clears pimples and makes skin healthy^^. Moreover, It is trusted and loved by crores of Indian teenagers^^^ and backed by 90 years of assurance from Himalaya.
 
*ordinary toilet soap
^ clinical study by dermatologists
^^ healthy skin refers to improved skin conditioning
^^^ Kantar consumer survey
 
Buy Now: https://bit.ly/3cfqJHE
Follow us on: Instagram: https://bit.ly/3IDVp1i
Facebook: https://bit.ly/3yEDDql
 
#PimpleScience
#ScienceOverSoapForPimples
#ScienceoverSoap
#NoSoapOnPimpleFace
#TrustScienceTrustHimalaya",2022-10-18,Howto & Style
https://www.youtube.com/watch?v=Bj9hrtgfAr4,"For Pimples, Trust Science – Himalaya Purifying Neem Face Wash (Punjabi)",30,348600,"Science says that Soap* can increase pimples and Himalaya Purifying Neem Face Wash prevents pimples from reoccurring. Himalaya Purifying Neem Face Wash is clinically proven^. It has antibacterial goodness of neem and turmeric. It clears pimples and makes skin healthy^^. Moreover, It is trusted and loved by crores of Indian teenagers^^^ and backed by 90 years of assurance from Himalaya.
 
*ordinary toilet soap
^ clinical study by dermatologists
^^ healthy skin refers to improved skin conditioning
^^^ Kantar consumer survey
 
Buy Now: https://bit.ly/3cfqJHE
Follow us on: Instagram: https://bit.ly/3IDVp1i
Facebook: https://bit.ly/3yEDDql
 
#PimpleScience
#ScienceOverSoapForPimples
#ScienceoverSoap
#NoSoapOnPimpleFace
#TrustScienceTrustHimalaya",2022-10-18,Howto & Style
https://www.youtube.com/watch?v=2iuSz2hMgKk,"For Pimples, Trust Science – Himalaya Purifying Neem Face Wash (ODIYA)",30,620125,"Science says that Soap* can increase pimples and Himalaya Purifying Neem Face Wash prevents pimples from reoccurring. Himalaya Purifying Neem Face Wash is clinically proven^. It has antibacterial goodness of neem and turmeric. It clears pimples and makes skin healthy^^. Moreover, It is trusted and loved by crores of Indian teenagers^^^ and backed by 90 years of assurance from Himalaya.
 
*ordinary toilet soap
^ clinical study by dermatologists
^^ healthy skin refers to improved skin conditioning
^^^ Kantar consumer survey
 
Buy Now: https://bit.ly/3cfqJHE
Follow us on: Instagram: https://bit.ly/3IDVp1i
Facebook: https://bit.ly/3yEDDql
 
#PimpleScience
#ScienceOverSoapForPimples
#ScienceoverSoap
#NoSoapOnPimpleFace
#TrustScienceTrustHimalaya",2022-10-18,Howto & Style
https://www.youtube.com/watch?v=0dws1hy5ZKc,"For Pimples, Trust Science – Himalaya Purifying Neem Face Wash (MIZORAM)",30,33643,"Science says that Soap* can increase pimples and Himalaya Purifying Neem Face Wash prevents pimples from reoccurring. Himalaya Purifying Neem Face Wash is clinically proven^. It has antibacterial goodness of neem and turmeric. It clears pimples and makes skin healthy^^. Moreover, It is trusted and loved by crores of Indian teenagers^^^ and backed by 90 years of assurance from Himalaya.
 
*ordinary toilet soap
^ clinical study by dermatologists
^^ healthy skin refers to improved skin conditioning
^^^ Kantar consumer survey
 
Buy Now: https://bit.ly/3cfqJHE
Follow us on: Instagram: https://bit.ly/3IDVp1i
Facebook: https://bit.ly/3yEDDql
 
#PimpleScience
#ScienceOverSoapForPimples
#ScienceoverSoap
#NoSoapOnPimpleFace
#TrustScienceTrustHimalaya",2022-10-18,Howto & Style
https://www.youtube.com/watch?v=Fgq0Jaz6HkQ,"For Pimples, Trust Science – Himalaya Purifying Neem Face Wash (MARATHI)",30,608810,"Science says that Soap* can increase pimples and Himalaya Purifying Neem Face Wash prevents pimples from reoccurring. Himalaya Purifying Neem Face Wash is clinically proven^. It has antibacterial goodness of neem and turmeric. It clears pimples and makes skin healthy^^. Moreover, It is trusted and loved by crores of Indian teenagers^^^ and backed by 90 years of assurance from Himalaya.
 
*ordinary toilet soap
^ clinical study by dermatologists
^^ healthy skin refers to improved skin conditioning
^^^ Kantar consumer survey
 
Buy Now: https://bit.ly/3cfqJHE
Follow us on: Instagram: https://bit.ly/3IDVp1i
Facebook: https://bit.ly/3yEDDql
 
#PimpleScience
#ScienceOverSoapForPimples
#ScienceoverSoap
#NoSoapOnPimpleFace
#TrustScienceTrustHimalaya",2022-10-18,Howto & Style
https://www.youtube.com/watch?v=KpANkXya5qg,"For Pimples, Trust Science – Himalaya Purifying Neem Face Wash (MANIPURI)",30,136851,"Science says that Soap* can increase pimples and Himalaya Purifying Neem Face Wash prevents pimples from reoccurring. Himalaya Purifying Neem Face Wash is clinically proven^. It has antibacterial goodness of neem and turmeric. It clears pimples and makes skin healthy^^. Moreover, It is trusted and loved by crores of Indian teenagers^^^ and backed by 90 years of assurance from Himalaya.
 
*ordinary toilet soap
^ clinical study by dermatologists
^^ healthy skin refers to improved skin conditioning
^^^ Kantar consumer survey
 
Buy Now: https://bit.ly/3cfqJHE
Follow us on: Instagram: https://bit.ly/3IDVp1i
Facebook: https://bit.ly/3yEDDql
 
#PimpleScience
#ScienceOverSoapForPimples
#ScienceoverSoap
#NoSoapOnPimpleFace
#TrustScienceTrustHimalaya",2022-10-18,Howto & Style
https://www.youtube.com/watch?v=hu9omO3MAe8,"For Pimples, Trust Science – Himalaya Purifying Neem Face Wash (MALAYALAM)",30,277713,"Science says that Soap* can increase pimples and Himalaya Purifying Neem Face Wash prevents pimples from reoccurring. Himalaya Purifying Neem Face Wash is clinically proven^. It has antibacterial goodness of neem and turmeric. It clears pimples and makes skin healthy^^. Moreover, It is trusted and loved by crores of Indian teenagers^^^ and backed by 90 years of assurance from Himalaya.
 
*ordinary toilet soap
^ clinical study by dermatologists
^^ healthy skin refers to improved skin conditioning
^^^ Kantar consumer survey
 
Buy Now: https://bit.ly/3cfqJHE
Follow us on: Instagram: https://bit.ly/3IDVp1i
Facebook: https://bit.ly/3yEDDql
 
#PimpleScience
#ScienceOverSoapForPimples
#ScienceoverSoap
#NoSoapOnPimpleFace
#TrustScienceTrustHimalaya",2022-10-18,Howto & Style
https://www.youtube.com/watch?v=7xL1SH9zZ1Y,"For Pimples, Trust Science – Himalaya Purifying Neem Face Wash (Kannada)",30,956025,"Science says that Soap* can increase pimples and Himalaya Purifying Neem Face Wash prevents pimples from reoccurring. Himalaya Purifying Neem Face Wash is clinically proven^. It has antibacterial goodness of neem and turmeric. It clears pimples and makes skin healthy^^. Moreover, It is trusted and loved by crores of Indian teenagers^^^ and backed by 90 years of assurance from Himalaya.
 
*ordinary toilet soap
^ clinical study by dermatologists
^^ healthy skin refers to improved skin conditioning
^^^ Kantar consumer survey
 
Buy Now: https://bit.ly/3cfqJHE
Follow us on: Instagram: https://bit.ly/3IDVp1i
Facebook: https://bit.ly/3yEDDql
 
#PimpleScience
#ScienceOverSoapForPimples
#ScienceoverSoap
#NoSoapOnPimpleFace
#TrustScienceTrustHimalaya",2022-10-18,Howto & Style
https://www.youtube.com/watch?v=y0bRkDPeKIc,"For Pimples, Trust Science – Himalaya Purifying Neem Face Wash (Hindi)",30,11954309,"Science says that Soap* can increase pimples and Himalaya Purifying Neem Face Wash prevents pimples from reoccurring. Himalaya Purifying Neem Face Wash is clinically proven^. It has antibacterial goodness of neem and turmeric. It clears pimples and makes skin healthy^^. Moreover, It is trusted and loved by crores of Indian teenagers^^^ and backed by 90 years of assurance from Himalaya.
 
*ordinary toilet soap
^ clinical study by dermatologists
^^ healthy skin refers to improved skin conditioning
^^^ Kantar consumer survey
 
Buy Now: https://bit.ly/3cfqJHE
Follow us on: Instagram: https://bit.ly/3IDVp1i
Facebook: https://bit.ly/3yEDDql
 
#PimpleScience
#ScienceOverSoapForPimples
#ScienceoverSoap
#NoSoapOnPimpleFace
#TrustScienceTrustHimalaya",2022-10-18,Howto & Style
https://www.youtube.com/watch?v=PD63Z8uRJ4E,"For Pimples, Trust Science – Himalaya Purifying Neem Face Wash (Bhojpuri)",30,812302,"Science validates that Soap* can increase pimples and Himalaya Purifying Neem Face Wash prevents pimples from reoccurring. Himalaya Purifying Neem Face Wash is clinically proven^. It has antibacterial goodness of neem and turmeric. It clears pimples and makes skin healthy^^. Moreover, It is trusted and loved by crores of Indian teenagers^^^ and backed by 90 years of assurance from Himalaya.
 
*ordinary toilet soap
^ clinical study by dermatologists
^^ healthy skin refers to improved skin conditioning
^^^ Kantar consumer survey
 
Buy Now: https://bit.ly/3cfqJHE
Follow us on: Instagram: https://bit.ly/3IDVp1i
Facebook: https://bit.ly/3yEDDql
 
#PimpleScience
#ScienceOverSoapForPimples
#ScienceoverSoap
#NoSoapOnPimpleFace
#TrustScienceTrustHimalaya",2022-10-18,Howto & Style
https://www.youtube.com/watch?v=grqrnj9NknI,"For Pimples, Trust Science – Himalaya Purifying Neem Face Wash (Bengali)",30,866271,"Science says that Soap* can increase pimples and Himalaya Purifying Neem Face Wash prevents pimples from reoccurring. Himalaya Purifying Neem Face Wash is clinically proven^. It has antibacterial goodness of neem and turmeric. It clears pimples and makes skin healthy^^. Moreover, It is trusted and loved by crores of Indian teenagers^^^ and backed by 90 years of assurance from Himalaya.
 
*ordinary toilet soap
^ clinical study by dermatologists
^^ healthy skin refers to improved skin conditioning
^^^ Kantar consumer survey
 
Buy Now: https://bit.ly/3cfqJHE
Follow us on: Instagram: https://bit.ly/3IDVp1i
Facebook: https://bit.ly/3yEDDql
 
#PimpleScience
#ScienceOverSoapForPimples
#ScienceoverSoap
#NoSoapOnPimpleFace
#TrustScienceTrustHimalaya",2022-10-18,Howto & Style
https://www.youtube.com/watch?v=AxAVDhCyC40,"For Pimples, Trust Science – Himalaya Purifying Neem Face Wash (Assamese)",30,612565,"Science says that Soap* can increase pimples and Himalaya Purifying Neem Face Wash prevents pimples from reoccurring. Himalaya Purifying Neem Face Wash is clinically proven^. It has antibacterial goodness of neem and turmeric. It clears pimples and makes skin healthy^^. Moreover, It is trusted and loved by crores of Indian teenagers^^^ and backed by 90 years of assurance from Himalaya.
 
*ordinary toilet soap
^ clinical study by dermatologists
^^ healthy skin refers to improved skin conditioning
^^^ Kantar consumer survey
 
Buy Now: https://bit.ly/3cfqJHE
Follow us on: Instagram: https://bit.ly/3IDVp1i
Facebook: https://bit.ly/3yEDDql
 
#PimpleScience
#ScienceOverSoapForPimples
#ScienceoverSoap
#NoSoapOnPimpleFace
#TrustScienceTrustHimalaya",2022-10-18,Howto & Style
https://www.youtube.com/watch?v=QXAPr5zI_DU,Dry Skin Feels Better With Himalaya Cocoa Butter Intensive Body Lotion,15,4899,"Say goodbye to dry skin with Himalaya Cocoa Butter Intensive Body Lotion, which has the power of 3 natural ingredients – Pure Cocoa Butter, Vitamin-rich Wheat Germ Oil, and Plant-Based Glycerine. This fragrant and non-sticky lotion deeply moisturizes your skin. 

#DrySkinFeelsBetterWithHimalayaCococaButter #HimalayaPersonalCare #Wintercare #cocobutter #skincareroutine #skincare #shorts",2022-10-18,Howto & Style
https://www.youtube.com/watch?v=NsCNySpIB5w,"Looking for a pimple solution? Trust science, switch to Himalaya Purifying Neem Face Wash",10,572,"Science validates that soap can increase pimples and Himalaya Purifying Neem Face Wash prevents pimples from reoccurring.
 
Himalaya Purifying Neem Face Wash is clinically proven^. It has antibacterial goodness of neem and turmeric. It clears pimples and makes skin healthy^^.
 
For Pimples, Trust Science – Himalaya Purifying Neem Face Wash.
 
*ordinary toilet soap
 ^ clinical study by dermatologists
 ^^ healthy skin refers to improved skin conditioning
 
Buy Now: https://bit.ly/3cfqJHE
Follow us on: Instagram: https://bit.ly/3IDVp1i
Facebook: https://bit.ly/3yEDDql",2022-10-17,Howto & Style
https://www.youtube.com/watch?v=BV3Gm6hcpMA,"Pimple problem? Still using soap? Trust science, switch to Himalaya Purifying Neem Face Wash",10,1422557,"Science validates that soap can increase pimples and Himalaya Purifying Neem Face Wash prevents pimples from reoccurring.
 
Himalaya Purifying Neem Face Wash is clinically proven^. It has antibacterial goodness of neem and turmeric. It clears pimples and makes skin healthy^^.
 
For Pimples, Trust Science – Himalaya Purifying Neem Face Wash.
 
*ordinary toilet soap
 ^ clinical study by dermatologists
 ^^ healthy skin refers to improved skin conditioning
 
Buy Now: https://bit.ly/3cfqJHE
Follow us on: Instagram: https://bit.ly/3IDVp1i
Facebook: https://bit.ly/3yEDDql",2022-10-17,Howto & Style
https://www.youtube.com/watch?v=qLkQuHak_CU,"Your Favorite soap can increase pimples. Trust science, switch to Himalaya Purifying Neem Face Wash",10,363,"Science validates that soap can increase pimples and Himalaya Purifying Neem Face Wash prevents pimples from reoccurring.
 
Himalaya Purifying Neem Face Wash is clinically proven^. It has antibacterial goodness of neem and turmeric. It clears pimples and makes skin healthy^^.
 
For Pimples, Trust Science – Himalaya Purifying Neem Face Wash.
 
*ordinary toilet soap
 ^ clinical study by dermatologists
 ^^ healthy skin refers to improved skin conditioning
 
Buy Now: https://bit.ly/3cfqJHE
Follow us on: Instagram: https://bit.ly/3IDVp1i
Facebook: https://bit.ly/3yEDDql",2022-10-17,Howto & Style
https://www.youtube.com/watch?v=tTyl2nbf-KQ,"Pimple Problem? Confused between soap & face wash? Trust science, switch to Himalaya Neem Face Wash",10,209,"Science validates that soap can increase pimples and Himalaya Purifying Neem Face Wash prevents pimples from reoccurring.
 
Himalaya Purifying Neem Face Wash is clinically proven^. It has antibacterial goodness of neem and turmeric. It clears pimples and makes skin healthy^^.
 
For Pimples, Trust Science – Himalaya Purifying Neem Face Wash.
 
*ordinary toilet soap
 ^ clinical study by dermatologists
 ^^ healthy skin refers to improved skin conditioning
 
Buy Now: https://bit.ly/3cfqJHE
Follow us on: Instagram: https://bit.ly/3IDVp1i
Facebook: https://bit.ly/3yEDDql",2022-10-17,Howto & Style
https://www.youtube.com/watch?v=k_knznjyptk,"Looking for the best face wash? Trust science, switch to Himalaya Purifying Neem Face Wash",10,236,"Science validates that soap can increase pimples and Himalaya Purifying Neem Face Wash prevents pimples from reoccurring.
 
Himalaya Purifying Neem Face Wash is clinically proven^. It has antibacterial goodness of neem and turmeric. It clears pimples and makes skin healthy^^.
 
For Pimples, Trust Science – Himalaya Purifying Neem Face Wash.
 
*ordinary toilet soap
 ^ clinical study by dermatologists
 ^^ healthy skin refers to improved skin conditioning
 
Buy Now: https://bit.ly/3cfqJHE
Follow us on: Instagram: https://bit.ly/3IDVp1i
Facebook: https://bit.ly/3yEDDql",2022-10-17,Howto & Style
