date,content,username,likes,views,hashtags,url,likes_views_ratio
2023-01-25,the himalayawellnesscompany commemorates the spirit of our country and it ability to stand together during tough time we step into our th republicday let pledge to find strength in our unity amp become the nation our forefather wanted to be happyrepublicday,HimalayaIndia,13,1052.0,himalayawellnesscompany republicday happyrepublicday,https://twitter.com/HimalayaIndia/status/1618197659369488385,0.012357414448669201
2023-01-23,himalaya new manufacturing facility in tumakuru received the first iso certification em iso 2015 and oh amp iso 2018 from nqa certification pvt ltd for effectively implementing and building good safety culture and practice on the campus himalayawellness,HimalayaIndia,20,1284.0,iso safety himalayawellness,https://twitter.com/HimalayaIndia/status/1617375889024749568,0.01557632398753894
2023-01-17,mkc1 reddy hi reddy could you please dm your contact detail so that we can get in touch with you,HimalayaIndia,0,29.0,himalayaindia,https://twitter.com/HimalayaIndia/status/1615291322046504961,0.0
2023-01-13,let celebrate the onset of warmer day and prosperity together and rejoice in the charm of tradition himalaya wellness company wish you and your family very happy lohri pongal and makar sankranti himalayawellnesscompany lohri pongal makarsankranti,HimalayaIndia,3,473.0,himalayawellnesscompany lohri pongal makarsankranti,https://twitter.com/HimalayaIndia/status/1613847830019571712,0.006342494714587738
2023-01-13,himalaya drive initiative to enrich life we have signed an mou with the govt of karnataka to rejuvenate makali government primary school with state of the art facility we will also support the maintenance of the premise for three year from the completion date,HimalayaIndia,3,679.0,himalaya government school,https://twitter.com/HimalayaIndia/status/1613762923679330305,0.004418262150220913
2023-01-02,kishnpalchauhan your experience is priority and this is not what we want you to feel krishn we request you to share your complaint amp contact detail with at contactus himalayawellness com that help connect with you,HimalayaIndia,0,46.0,himalayaindia,https://twitter.com/HimalayaIndia/status/1609834104702504962,0.0
2022-12-31,let bid adieu to and enter with new opportunity to evolve achieve and flourish new year and stronger commitment to bring wellness in every home and happiness in every heart himalaya wellness company wish you and your family very happynewyear,HimalayaIndia,15,852.0,happynewyear,https://twitter.com/HimalayaIndia/status/1609095751048757250,0.017605633802816902
2022-12-27,rlokeshrao cdsco india inf hi lokesh we always ensure that all our customer have great experience we regret the inconvenience caused to you we want to investigate this matter and make thing right please share with your contact detail via dm so we can arrange call,HimalayaIndia,0,49.0,himalayaindia,https://twitter.com/HimalayaIndia/status/1607585637871554560,0.0
2022-12-23,‚Äòtis the season to be merry and spread joy himalaya wellness company wish you and your family merrychristmas may the magic of the holiday season enthrall you with happiness prosperity and abundance himalayawellness seasonsgreetings merry christmas,HimalayaIndia,9,655.0,merrychristmas himalayawellness seasonsgreetings merry christmas,https://twitter.com/HimalayaIndia/status/1606260106982617089,0.013740458015267175
2022-12-16,himalayawellness company attended the th edition of the world ayurveda congress wac and arogya expo dr rangesh paramesh director intellectual property delivered talk on international regulatory compliance for ayurvedic drug,HimalayaIndia,6,549.0,himalayawellness,https://twitter.com/HimalayaIndia/status/1603622240737562624,0.01092896174863388
2022-12-14,hh sheikh mansoor bin mohammed chairman of dubai sport council inaugurates the himalaya global research centre at dxbsciencepark the himalaya global research centre will serve global think tank for our company himalayawellness,HimalayaIndia,9,9.0,himalayawellness,https://twitter.com/HimalayaIndia/status/1603005199647674368,1.0
2022-12-14,sustainability is at the heart of everything we do at himalaya an energy independent organization we strive to consume energy through sustainable source watch this video on how we focus on path breaking solution for better tomorrow nationalenergyconservationday,HimalayaIndia,8,8.0,sustainability nationalenergyconservationday,https://twitter.com/HimalayaIndia/status/1602937865108742145,1.0
2022-11-23,deshbhaktreva please refer to our official statement,HimalayaIndia,3,3.0,himalayaindia,https://twitter.com/HimalayaIndia/status/1595280862731386885,1.0
2022-11-16,the economic time recognizes himalaya effort towards driving sustainable initiative and becoming an environmentally conscious organization do read the excerpt of the interview himalayawellness conservation energyefficiency sustainabledevelopment enviornment,HimalayaIndia,8,8.0,sustainable himalayawellness conservation energyefficiency sustainabledevelopment enviornment,https://twitter.com/HimalayaIndia/status/1592743153496645632,1.0
2022-10-23,our journey an ayurvedic wellness brand started in the himalayan foothill year ago the support from the ministry of ayush bear testimony to our collaborative effort of making ‚Äúhar din har ghar ayurveda‚Äù reality himalayawellness wish you happyayurvedaday,HimalayaIndia,11,11.0,wellness himalayawellness happyayurvedaday,https://twitter.com/HimalayaIndia/status/1584163747819814913,1.0
2022-10-22,our mission is to bring wellness and happiness in every home may the gleam of diyas brighten your life amp the divine energy shower their choicest blessing upon you himalaya wellness company wish you very happydiwali himalayawellness diwali,HimalayaIndia,11,11.0,wellness happydiwali himalayawellness diwali2022,https://twitter.com/HimalayaIndia/status/1583729188401729536,1.0
2022-10-20,himalaya celebrates partnership with purpose it encourages our aim of spreading ‚Äúwellness in every home and happiness in every heart renewing our commitment to benefit customer by making ‚Äúhar din har ghar ayurveda‚Äù reality happy ayurvedaday hardinhargharayurveda,HimalayaIndia,16,16.0,himalaya ayurvedaday hardinhargharayurveda,https://twitter.com/HimalayaIndia/status/1582926582233956353,1.0
2022-10-15,thank you for participating in the saafhaathsekhaaiye contest we are ecstatic to see your response keep them coming watch the film amp tell what you feel via tweet tag himalayaindia and stand chance to win specially curated hamper by the himalaya wellness company,HimalayaIndia,5,5.0,saafhaathsekhaaiye,https://twitter.com/HimalayaIndia/status/1581174819936428032,1.0
2022-10-14,contestalert watch the film saafhaathsekhaaiye amp tell what you feel via tweet tag himalayaindia and stand chance to win specially curated gift hamper by the himalaya wellness company,HimalayaIndia,2,2.0,contestalert saafhaathsekhaaiye,https://twitter.com/HimalayaIndia/status/1580900699885346816,1.0
2022-10-14,this globalhandwashingday we present to you saafhaathsekhaaiye eating with your hand is an exquisite indian tradition and through our initiative we want to emphasize staying true to our cultural root and tradition in clean safe amp healthy manner,HimalayaIndia,709,709.0,globalhandwashingday saafhaathsekhaaiye,https://twitter.com/HimalayaIndia/status/1580900557631340549,1.0
2022-10-12,himalaya is committed to conservingenergy resource how do we harness renewableenergy source while working towards the commitment of achieving net zero goal by watch the video himalayawellness sustainableliving sustainability,HimalayaIndia,3,3.0,conservingenergy renewableenergy himalayawellness sustainableliving sustainability,https://twitter.com/HimalayaIndia/status/1580054219054206977,1.0
2022-10-10,mentalhealth is important your physical health is well accepted principle we re making huge stride in creating suicide prevention awareness with our partnershipü§ùwith mhedunimhans to launch project suraksha himalayacaresformentalhealth,HimalayaIndia,177,177.0,mentalhealth himalayacaresformentalhealth,https://twitter.com/HimalayaIndia/status/1579422220455399425,1.0
2022-10-09,ga pansare please refer to our official statement,HimalayaIndia,0,0.0,himalayaindia,https://twitter.com/HimalayaIndia/status/1579188645436981249,0.0
2022-10-09,sunita please refer to our official statement,HimalayaIndia,0,0.0,himalayaindia,https://twitter.com/HimalayaIndia/status/1579188596330090497,0.0
2022-10-09,jagdish please refer to our official statement,HimalayaIndia,0,0.0,himalayaindia,https://twitter.com/HimalayaIndia/status/1579188531179950080,0.0
2022-10-08,celebrating the joy of bringing smile to over thousand of life himalayalipcare ha been supporting smiletrainindia with free cleftlip surgery for underprivileged child helping them lead their life confidently eknayimuskaan,HimalayaIndia,729,729.0,smile himalayalipcare cleftlip eknayimuskaan,https://twitter.com/HimalayaIndia/status/1578646769814339586,1.0
2022-10-06,sharadg hi sharad please be assured that we re working on your concern and we ll keep you posted on the progress,HimalayaIndia,0,0.0,himalayaindia,https://twitter.com/HimalayaIndia/status/1577895832254578688,0.0
2022-09-29,we care for life and part of our commitment to society we re delighted to partner with nimhans blr to develop an indigenized pilot model framework for suicideprevention research and surveillance project suraksha himalayawellness mentalhealth,HimalayaIndia,1190,1190.0,suicideprevention himalayawellness mentalhealth,https://twitter.com/HimalayaIndia/status/1575419308116627458,1.0
2022-09-26,umapathy director foil pack candidly share that he connects with himalaya emotionally and our partnership ha helped him deliver pure business excellence we are deeply grateful and honor such business sentiment partnersinprogress himalayawellness printer,HimalayaIndia,13,13.0,partnersinprogress himalayawellness printer,https://twitter.com/HimalayaIndia/status/1574315338795081729,1.0
2022-09-22,nvishist hi nikhil please write to at contactus himalayawellness com with the issue you are facing and provide with the following detail your contact number location and email id we will have someone from the team connect with you,HimalayaIndia,0,0.0,himalayaindia,https://twitter.com/HimalayaIndia/status/1572865730416345089,0.0
2022-09-19,bhuwana nageshwarao director ultra international recollects our association spanning nearly three decade they support by producing fragrance flavor and essential oil we appreciate their support partnersinprogress himalayawellness,HimalayaIndia,14,14.0,fragrance essential partnersinprogress himalayawellness,https://twitter.com/HimalayaIndia/status/1571778621928312835,1.0
2022-09-12,sri sudhindra offset press provides with exclusive printing service for our marketing requirement we appreciate them for delivering top notch service partnersinprogress himalayawellness print solution,HimalayaIndia,10,10.0,partnersinprogress himalayawellness print solution,https://twitter.com/HimalayaIndia/status/1569241402919342082,1.0
2022-09-07,the team at patel phytoextractions pvt ltd support by manufacturing standardized herbal extract they consider our association strategic partnership we thank them for the timely amp consistent delivery of project requirement partnersinprogress himalayawellness,HimalayaIndia,9,9.0,partnersinprogress himalayawellness,https://twitter.com/HimalayaIndia/status/1567442218000207873,1.0
2022-09-05,ivnsraju hi raju please refer to our official statement,HimalayaIndia,0,0.0,himalayaindia,https://twitter.com/HimalayaIndia/status/1566729318193332225,0.0
2022-09-05,the youth play key role in safeguarding nature and conservingbiodiversity himalaya sebc and the youth of pune came together to plant sapling we have captured the glimpse in this video himalayawellness treeplantation biodiversity,HimalayaIndia,4,4.0,nature conservingbiodiversity himalayawellness treeplantation biodiversity,https://twitter.com/HimalayaIndia/status/1566723760493068290,1.0
2022-09-02,rahulbiddappa hi rahul please refer to our official statement,HimalayaIndia,0,0.0,himalayaindia,https://twitter.com/HimalayaIndia/status/1565571279918632960,0.0
2022-09-02,kala et hi vijay please refer to our official statement,HimalayaIndia,0,0.0,himalayaindia,https://twitter.com/HimalayaIndia/status/1565571194778419200,0.0
2022-09-02,mentorpreneur hi sanjiv please refer to our official statement,HimalayaIndia,0,0.0,himalayaindia,https://twitter.com/HimalayaIndia/status/1565571086326337536,0.0
2022-09-02,farah midhat hi midhat please refer to our official statement,HimalayaIndia,0,0.0,himalayaindia,https://twitter.com/HimalayaIndia/status/1565570793656172544,0.0
2022-09-01,himalayaliv,HimalayaIndia,546,546.0,himalayaliv52,https://twitter.com/HimalayaIndia/status/1565347256345427969,1.0
2022-08-31,lord ganesha teach to find cure through compassion amp prevention through kindness this ganesh chaturthi let follow his footstep and walk together towards healthier tomorrow ganpati bappa morya himalayawellness happinessthroughwellness festival ganeshchaturthi,HimalayaIndia,10,10.0,himalayawellness happinessthroughwellness festival ganeshchaturthi,https://twitter.com/HimalayaIndia/status/1564822772320464896,1.0
2022-08-29,dayanand reddy director vasantha tool craft pvt ltd opines that people are the real asset who create value addition to business dayanand and his team support by manufacturing bi injection mold for himalaya we appreciate their support partnersinprogress,HimalayaIndia,7,7.0,business himalaya partnersinprogress,https://twitter.com/HimalayaIndia/status/1564168476171943937,1.0
2022-08-23,manjushree technopack ltd support himalaya by manufacturing rigid plastic packaging material we appreciate them for helping deliver perfection by demonstrating sheer professionalism in executing our idea partnersinprogress himalayawellness,HimalayaIndia,13,13.0,himalaya packaging partnersinprogress himalayawellness,https://twitter.com/HimalayaIndia/status/1562002501708414977,1.0
2022-08-18,true independence mean having the freedom to make change for the better we ve come long way on our mission of bringing wellness amp joy to every home something that wouldn have been possible without the talent amp effort of the himalaya family himalayawellness,HimalayaIndia,11,11.0,independence wellness himalaya himalayawellness,https://twitter.com/HimalayaIndia/status/1560146906797338626,1.0
2022-08-17,our partnership with alpla india pvt ltd span more than decade they help by manufacturing robust bottle and closure design for some of our flagship product we thank them for their continuous support partnersinprogress himalayawellness,HimalayaIndia,15,15.0,manufacturing design partnersinprogress himalayawellness,https://twitter.com/HimalayaIndia/status/1559831697742389248,1.0
2022-08-16,kaustubh sakalmedianews hi this is not authentic and we request you to refrain from indulging with anyone connected with this communication fake,HimalayaIndia,1,1.0,fake,https://twitter.com/HimalayaIndia/status/1559461297552367616,1.0
2022-08-15,on india th independenceday let proudly celebrate our nation not only for it diversity culture and value but also for revolutionizing healthcare with ayurveda this independenceday let your patriotism shine through and your health prosper harghartiranga,HimalayaIndia,15,15.0,independenceday harghartiranga,https://twitter.com/HimalayaIndia/status/1559039860370919424,1.0
2022-08-11,dravin immu hi this is not authentic and we request you to refrain from indulging with anyone connected with this communication in case you receive any such offer in the name of himalaya you are advised to reach out to at contactus himalayawellness com fake,HimalayaIndia,0,0.0,fake,https://twitter.com/HimalayaIndia/status/1557618599010770944,0.0
2022-08-08,himalaya incredible year of association with prince plastic continues with the second generation entrepreneur we thank varun venugopal and his team for playing significant role in our success journey partnersinprogress himalayawellness packaging packagingsolutions,HimalayaIndia,19,19.0,partnersinprogress himalayawellness packaging packagingsolutions,https://twitter.com/HimalayaIndia/status/1556560102831730688,1.0
2022-08-01,crescent packaging ha played key role in our packaging need over the past year listen to noor jaffer director crescent packaging recounting our mutually benefiting journey partnersinprogress packaging himalayawellness,HimalayaIndia,13,13.0,partnersinprogress packaging himalayawellness,https://twitter.com/HimalayaIndia/status/1554046111966367745,1.0
2022-07-27,word wielder we understand your concern fergus we re trying our level best to ensure the issue is sorted allow some time to get back to you,HimalayaIndia,0,0.0,himalayaindia,https://twitter.com/HimalayaIndia/status/1552241138479742976,0.0
2022-07-25,himalayawellness celebrates and honor year of long standing association with sri sai ganesh herbal listen to ganesh naidu fondly recalling our partnership ever since their founding day partnersinprogress herbalextraction,HimalayaIndia,22,22.0,himalayawellness partnership partnersinprogress herbalextraction,https://twitter.com/HimalayaIndia/status/1551492006437785600,1.0
2022-07-21,himalayawellness introduces partnersinprogress to celebrate the long standing relationship and trust with our diverse business partner they help bring superior product through innovation and excellence we thank them for their continuous support staytuned,HimalayaIndia,22,22.0,himalayawellness partnersinprogress diverse innovation staytuned,https://twitter.com/HimalayaIndia/status/1550010527505473537,1.0
2022-07-19,hello murari the social medium post circulated about himalayawellness company are fake amp fabricated the person in the video is not associated with himalaya in any way himalaya is proud homegrown indian company conducting business with high level of integrity,HimalayaIndia,0,0.0,himalayawellness fake,https://twitter.com/HimalayaIndia/status/1549249746690195456,0.0
2022-07-18,mdsarfa hi this is not authentic and we request you to refrain from indulging with anyone connected with this communication in case you receive any such offer in the name of himalaya you are advised to reach out to at contactus himalayawellness com fake,HimalayaIndia,1,1.0,fake,https://twitter.com/HimalayaIndia/status/1548930262997671936,1.0
2022-07-18,we have won economictimes sustainable organization award for driving sustainable initiative the award recognizes the work of organization that integrate sustainability effort and net zero esg environmental social and governance goal in planning himalayawellness,HimalayaIndia,28,28.0,sustainability himalayawellness,https://twitter.com/HimalayaIndia/status/1548930056369496066,1.0
2022-07-12,rahul hi this is not authentic and we request you to refrain from indulging with anyone connected with this communication in case you receive any such offer in the name of himalaya you are advised to reach out to at contactus himalayawellness com fake,HimalayaIndia,0,0.0,fake,https://twitter.com/HimalayaIndia/status/1546727754908938240,0.0
2022-07-12,nitinch hi this is not authentic and we request you to refrain from indulging with anyone connected with this communication in case you receive any such offer in the name of himalaya you are advised to reach out to at contactus himalayawellness com fake,HimalayaIndia,0,0.0,fake,https://twitter.com/HimalayaIndia/status/1546727686927618052,0.0
2022-07-08,sandeep hi this is not authentic and we request you to refrain from indulging with anyone connected with this communication in case you receive any such offer in the name of himalaya you are advised to reach out to at contactus himalayawellness com fake,HimalayaIndia,0,0.0,fake,https://twitter.com/HimalayaIndia/status/1545364158215901186,0.0
2022-07-05,hi this is not authentic and we request you to refrain from indulging with anyone connected with this communication in case you receive any such offer in the name of himalaya you are advised to reach out to at contactus himalayawellness com fake,HimalayaIndia,1,1.0,fake,https://twitter.com/HimalayaIndia/status/1544280738400387073,1.0
2022-07-04,batuk gkp the social medium post circulated about himalayawellness company are fake amp fabricated the person in the video is not associated with himalaya in any way himalaya is proud homegrown indian company conducting business with high level of integrity,HimalayaIndia,0,0.0,himalayawellness fake,https://twitter.com/HimalayaIndia/status/1543819512700555264,0.0
2022-07-04,anamika100dixit the social medium post circulated about himalayawellness company are fake amp fabricated the person in the video is not associated with himalaya in any way himalaya is proud homegrown indian company conducting business with high level of integrity,HimalayaIndia,1,1.0,himalayawellness fake,https://twitter.com/HimalayaIndia/status/1543795750097719297,1.0
2022-07-04,hindi hun main the social medium post circulated about himalayawellness company are fake amp fabricated the person in the video is not associated with himalaya in any way himalaya is proud homegrown indian company conducting business with high level of integrity,HimalayaIndia,1,1.0,himalayawellness fake,https://twitter.com/HimalayaIndia/status/1543795558682222593,1.0
2022-07-01,himalaya liv is felicitated at the fifth edition of economictimes best healthcare brand himalayaliv is an iconic herbal liver care product trusted by million of customer and recommended by over doctor worldwide himalayawellness,HimalayaIndia,12,12.0,healthcare himalayaliv52 doctor himalayawellness,https://twitter.com/HimalayaIndia/status/1542822807863578625,1.0
2022-06-30,ergauravvarshn hi this is not authentic and we request you to refrain from indulging with anyone connected with this communication in case you receive any such offer in the name of himalaya you are advised to reach out to at contactus himalayawellness com fake,HimalayaIndia,0,0.0,fake,https://twitter.com/HimalayaIndia/status/1542343974853017605,0.0
2022-06-30,ergauravvarshn himalayaherbal himalayru hi this is not authentic and we request you to refrain from indulging with anyone connected with this communication in case you receive any such offer in the name of himalaya you are advised to reach out to at contactus himalayawellness com fake,HimalayaIndia,0,0.0,fake,https://twitter.com/HimalayaIndia/status/1542343859874566146,0.0
2022-06-16,himalayaindia belief that ‚Äúwhat is good for you should be good for the earth too‚Äù on world environmentday we organized tree planting drive at the makali bengaluru campus and invited an ngo the association of people with disability to sell plant of various specie,HimalayaIndia,13,13.0,himalayaindia environmentday ngo,https://twitter.com/HimalayaIndia/status/1537382199241998337,1.0
2022-06-07,the discipline to maintain health and wellness is crucial to living healthy lifestyle wellness is real happiness our new brand video reinforces the importance of preventive healthcare for good health and well being khushrahokhushaalraho,HimalayaIndia,5,5.0,health wellness healthcare khushrahokhushaalraho,https://twitter.com/HimalayaIndia/status/1534130502105411584,1.0
2022-06-06,our campaign on conserving biodiversity ha caught the attention of campaign india the news portal featured himalaya one of the brand that encourages awareness and action to protect the environment environmentday himalayawellness,HimalayaIndia,4,4.0,biodiversity environment environmentday2022 himalayawellness,https://twitter.com/HimalayaIndia/status/1533757035228958721,1.0
2022-06-03,conserving biodiversity is important for the current and future generation overall well being watch this video that take you through our various initiative to support and drive sustainable future worldenvironmentday himalayawellness,HimalayaIndia,13,13.0,biodiversity worldenvironmentday himalayawellness,https://twitter.com/HimalayaIndia/status/1532675507346542592,1.0
2022-06-03,rt logicalindians besides bringing back the lost flora and fauna and setting up the ecological balance the afforestation program will‚Ä¶,HimalayaIndia,0,0.0,ecological afforestation,https://twitter.com/HimalayaIndia/status/1532661632408506369,0.0
2022-06-03,rt indiacsr sustainability himalaya commitment to plant million tree across india by the year himala‚Ä¶,HimalayaIndia,0,0.0,himalayaindia,https://twitter.com/HimalayaIndia/status/1532562812022554624,0.0
2022-06-02,ipriyasinha this is not the experience we want you to have priya please share your contact detail with via dm so we can understand what went wrong,HimalayaIndia,3,3.0,himalayaindia,https://twitter.com/HimalayaIndia/status/1532325189609873409,1.0
2022-05-25,our careforcommunity ethos support education for child we celebrated the academic success of student at govt high school makali on completing their class exam student were awarded cash prize amp certificate of appreciation himalayawellness studentsuccess,HimalayaIndia,17,17.0,careforcommunity education himalayawellness studentsuccess,https://twitter.com/HimalayaIndia/status/1529343996429881345,1.0
2022-05-23,did you know our immune system record every germ it ha ever defeated it can recognize and destroy the microbe quickly if it enters the body again dr hariprasad vr share the name of herb that can help build immunity naturally himalayawellness,HimalayaIndia,4,4.0,immune immunity himalayawellness,https://twitter.com/HimalayaIndia/status/1528658481359663104,1.0
2022-05-13,rt logicalindians the earth is experiencing decline in biodiversity and an increase in climate disruption through the kisaan mitra pro‚Ä¶,HimalayaIndia,0,0.0,himalayaindia,https://twitter.com/HimalayaIndia/status/1524958283072581632,0.0
2022-05-09,himalayawellness ha been conferred the sfe herbal industry leader award by the society for ethnopharmacology for outstanding business practice on promotion and development of naturalproducts at the th international congress of the sef held in mysuru,HimalayaIndia,18,18.0,himalayawellness business development naturalproducts,https://twitter.com/HimalayaIndia/status/1523560775180165120,1.0
2022-05-06,taking proper care of newborn help minimize the risk of illness and promotes overall growth and development add dr ritin khosla he talk about the guideline and suggestion in ayurveda for mother and caregiver on how to take care of newborn,HimalayaIndia,5,5.0,himalayaindia,https://twitter.com/HimalayaIndia/status/1522468832283033601,1.0
2022-04-29,about of infectious disease are transmitted by unclean hand touching contaminated surface add dr mithun kazhakaran in the th episode we discus the importance of handhygiene and bust some common myth streaming now houseofwellness,HimalayaIndia,1,1.0,disease handhygiene myth houseofwellness,https://twitter.com/HimalayaIndia/status/1519961879325515777,1.0
2022-04-22,himalaya share special bond with the farmer the kisaan mitra initiative celebrates this deep connection by focusing on their economic empowerment over farmer üë®‚Äçüåæ across india have been benefited from this program himalayacsr earthday,HimalayaIndia,355,355.0,himalaya farmer empowerment himalayacsr earthday,https://twitter.com/HimalayaIndia/status/1517430352985264129,1.0
2022-04-22,the moayush organized the globalayushsummit inaugurated by hon ble pm narendra modi jayashree ullal cfo amp coo himalayawellness who wa speaker for roundtable conference said ayurveda and pharma should be looked at from the same lens and considered equal,HimalayaIndia,18,18.0,globalayushsummit himalayawellness ayurveda pharma,https://twitter.com/HimalayaIndia/status/1517386640570073088,1.0
2022-04-18,nanditaasn fda fda indianstandards ashokmadanindia pharmadept hi nandita your experience is important to and we don want you to feel this way we would like to get in touch with you and understand what went wrong we request you to dm your contact detail so that our team will get in touch with you,HimalayaIndia,0,0.0,himalayaindia,https://twitter.com/HimalayaIndia/status/1515898709833228290,0.0
2022-04-15,did you know that over million indian are affected by gut disorder in the th episode of the houseofwellness podcast dr srikrishna talk about the cause and symptom of gut disorder and preventive care to improve guthealth ‚Äîstreaming now,HimalayaIndia,4,4.0,houseofwellness guthealth,https://twitter.com/HimalayaIndia/status/1514883728815935490,1.0
2022-04-12,strange hi please share your contact detail via private message so that we can get in touch with you,HimalayaIndia,1,1.0,himalayaindia,https://twitter.com/HimalayaIndia/status/1513714099233861634,1.0
2022-04-08,ayurveda is science that is year old amp yet relevant in modern time the principle of ayurveda when applied in our life will lead to improved well being add dr vaheed but what set ayurveda apart medical science houseofwellness,HimalayaIndia,7,7.0,ayurveda houseofwellness,https://twitter.com/HimalayaIndia/status/1512347011579797509,1.0
2022-04-07,careforearth is our core business philosophy at himalaya we believe that business play key role in conserving the environment green is good for our planet our customer and our business worldhealthday himalayawellness himalaya ourplanetourhealth,HimalayaIndia,5,5.0,careforearth himalaya worldhealthday himalayawellness himalaya ourplanetourhealth,https://twitter.com/HimalayaIndia/status/1511996934524846081,1.0
2022-04-06,rt deccanherald factcheck himalaya drug co targeted for misleading claim on halal certification,HimalayaIndia,0,0.0,factcheck halal,https://twitter.com/HimalayaIndia/status/1511743276180664325,0.0
2022-04-05,in line with the organization business philosophy careforlife we are committed to improving health and respecting life in all it form we have partnered with sankalpindia foundation to make thalassemia treatment accessible to underprivileged child,HimalayaIndia,288,288.0,careforlife health thalassemia,https://twitter.com/HimalayaIndia/status/1511199388458135555,1.0
2022-04-01,theatulmishra please refer to our official statement,HimalayaIndia,4,4.0,himalayaindia,https://twitter.com/HimalayaIndia/status/1509885627588055040,1.0
2022-04-01,sirpareshrawal thank you sirpareshrawal we don know what reason you have to hate swadeshi brand like himalaya with legacy of over year but we love you paresh ji ‚ù§Ô∏è good luck with the release of your new movie sharmajinamkeen,HimalayaIndia,1951,1951.0,himalaya sharmajinamkeen,https://twitter.com/HimalayaIndia/status/1509777874022121477,1.0
2022-04-01,,HimalayaIndia,6653,6653.0,himalayaindia,https://twitter.com/HimalayaIndia/status/1509773309809881091,1.0
2022-03-30,an unknown wish mldhar the social medium post circulated about himalayawellness company are fake amp fabricated the person in the video is not associated with himalaya in any way himalaya is proud homegrown indian company conducting business with high level of integrity,HimalayaIndia,8,8.0,himalayawellness fake,https://twitter.com/HimalayaIndia/status/1509011891242168325,1.0
2022-03-30,mldhar the social medium post circulated about himalayawellness company are fake amp fabricated the person in the video is not associated with himalaya in any way himalaya is proud homegrown indian company conducting business with high level of integrity,HimalayaIndia,3,3.0,himalayawellness fake,https://twitter.com/HimalayaIndia/status/1509011160141426697,1.0
2022-03-25,in today podcast dr ashok bk share vital information on oralhealth and it importance for our overall well being did you know that there are billion bacteria in the human mouth streaming now houseofwellness,HimalayaIndia,14,14.0,podcast oralhealth houseofwellness,https://twitter.com/HimalayaIndia/status/1507279412332412928,1.0
2022-03-25,the social medium post circulated about himalayawellness company are fake amp fabricated the person in the video is not associated with himalaya in any way himalaya is proud homegrown indian company conducting business with high level of integrity,HimalayaIndia,63,63.0,himalayawellness fake,https://twitter.com/HimalayaIndia/status/1507212255892369416,1.0
2022-03-24,samarsanatan the social medium post circulated about himalayawellness company are fake amp fabricated the person in the video is not associated with himalaya in any way himalaya is proud homegrown indian company conducting business with high level of integrity,HimalayaIndia,0,0.0,himalayawellness fake,https://twitter.com/HimalayaIndia/status/1506855900816211975,0.0
2022-03-22,bhanu the social medium post circulated about himalayawellness company are fake amp fabricated the person in the video is not associated with himalaya in any way himalaya is proud homegrown indian company conducting business with high level of integrity,HimalayaIndia,1,1.0,himalayawellness fake,https://twitter.com/HimalayaIndia/status/1506212943377022976,1.0
2022-03-22,thanush hi shree please share your contact detail with via dm so that we can get in touch with you conversely you could also get in touch with at ‚Äì800‚Äì208‚Äì1930,HimalayaIndia,1,1.0,himalayaindia,https://twitter.com/HimalayaIndia/status/1506109599895613441,1.0
2022-03-21,hardik rathod this doe not sound right hardik we would like to know more about this please share with your contact detail on dm so we can get in touch with you and understand what went wrong,HimalayaIndia,0,0.0,himalayaindia,https://twitter.com/HimalayaIndia/status/1505747250340773888,0.0
2022-03-18,we are in conversation with dr guruprasad kv in the podcast we discus about preventing and managing diabetes more than of the people with diabetes live in asia with almost one half in china and india combined streaming now podcast,HimalayaIndia,7,7.0,diabetes asia india podcast,https://twitter.com/HimalayaIndia/status/1504736868834811907,1.0
2023-02-12,caudalie himalayaindia sleepy babyturcotr deprem,rabiaerTURKc1,0,61.0,himalayaindia,https://twitter.com/rabiaerTURKc1/status/1624810952641204225,0.0
2023-02-12,pti news pypayurved himalayaindia daburindia zanducare baidyanathgroup,Green_Laalten,0,183.0,himalayaindia,https://twitter.com/Green_Laalten/status/1624579595726102529,0.0
2023-02-10,please declare these product bhagwantmann certified üôè‚ù§üáÆüá≥‚úç punjab ayurveda unani patanjalifoods patanjalifoods himalayaindia pypayurved,azeemali3119,2,115.0,punjab ayurveda unani patanjalifoods patanjalifoods,https://twitter.com/azeemali3119/status/1623897286215606272,0.017391304347826087
2023-02-08,the price of soap are rising like anything in india ausvsind himalayaindia nivea india cricket indvsaus,AmericanLove4u,0,58.0,soap india ausvsind cricket indvsaus,https://twitter.com/AmericanLove4u/status/1623359377943171076,0.0
2023-02-08,shop himalayaindia herbal product from iherb follower from india can shop from himalaya himalayaindia himalayawellness,ayurvedanelly,0,49.0,india himalaya himalayaindia himalayawellness,https://twitter.com/ayurvedanelly/status/1623227464653709313,0.0
2023-02-07,why are you using ashvagandha instead of ashwagandha which is correct spelling per merriam webster dictionary is there any reason behind this himalayaindia,_Abhijeet_7,0,53.0,himalayaindia,https://twitter.com/_Abhijeet_7/status/1622996851120312320,0.0
2023-02-07,himalayaindia sam chaudry weekly lady ko paisa bhi de raha hai aur medicine bhi pack kerney de raha hai ye sam chaudry ka number hai medicine naam per drug bhi ho sakta hai plz aap is matter ko dekhen bohat saari lady ne diya hai reg,Mithaiwa1Kausar,0,6.0,himalayaindia,https://twitter.com/Mithaiwa1Kausar/status/1622959950422237187,0.0
2023-02-07,himalayaindia hii sir from mumbai aapkey notice mein lana chahti hu kuch log himalaya company naam se frud work from home start kiye hai vo log medicine de rahen hai aur weekly paisa bhi de rahen hai sam chaudry naam ka aadmi hai jo medicine de raha hai,Mithaiwa1Kausar,0,10.0,himalayaindia,https://twitter.com/Mithaiwa1Kausar/status/1622958910096437249,0.0
2023-02-06,been really long made few picture for himalayaindia face wash mobilephotography shotongionee gioneeindia,atiegoba_dabo,4,99.0,mobilephotography shotongionee,https://twitter.com/atiegoba_dabo/status/1622673167088066560,0.04040404040404041
2023-02-06,chandru chawla himalayaindia theliverdr thakur ‚Äúbacked by‚Äù is meaningless,grumpeoldman,0,53.0,himalayaindia,https://twitter.com/grumpeoldman/status/1622560789382176768,0.0
2023-02-06,grumpeoldman himalayaindia theliverdr thakur from website partysmart is an herbal formulation that help prevents hangover it is clinically proven safe and effective backed by ayurveda and modern science,chandru_chawla,0,192.0,himalayaindia,https://twitter.com/chandru_chawla/status/1622555731970105344,0.0
2023-02-06,chandru chawla himalayaindia theliverdr thakur please don term this ayurveda which text ha the recipe for this,grumpeoldman,4,369.0,himalayaindia,https://twitter.com/grumpeoldman/status/1622549461397569537,0.01084010840108401
2023-02-06,amitabalaji phbalu ulloorbabu himalayaindia mif india wipro typical porkistani thinking,duddadd,1,81.0,himalayaindia,https://twitter.com/duddadd/status/1622451014157893633,0.012345679012345678
2023-02-05,hosted the master mind business quiz for the corporates on 23 eventually team representing tc amp sai mitra construction won the st infosys nd himalayaindia rd amp rittal india th thinkquizzing quizmaster quiz businessquiz tc infosys himalaya,SridharHRS,15,1263.0,thinkquizzing quizmaster quiz businessquiz tc infosys himalaya,https://twitter.com/SridharHRS/status/1622276916467363842,0.011876484560570071
2023-02-05,chandru chawla himalayaindia theliverdr grumpeoldman thakur theliverdr might be useful evidence of unsavory practice,drcheruvarun,5,330.0,himalayaindia,https://twitter.com/drcheruvarun/status/1622267218800291841,0.015151515151515152
2023-02-05,thakur chandru chawla himalayaindia grumpeoldman this is exactly what called out and got served legal notice for,theliverdr,7,630.0,himalayaindia,https://twitter.com/theliverdr/status/1622260329819574272,0.011111111111111112
2023-02-05,chandru chawla himalayaindia theliverdr grumpeoldman üò≥ü§¶‚Äç‚ôÇÔ∏è,d_s_thakur,6,292.0,himalayaindia,https://twitter.com/d_s_thakur/status/1622258293480751106,0.02054794520547945
2023-02-05,saw theseayurvedic capsule available at party in bombay restaurant at bar counter shocked himalayaindia is this type of marketing ethical theliverdr grumpeoldman thakur,chandru_chawla,22,2318.0,himalayaindia,https://twitter.com/chandru_chawla/status/1622250053372104705,0.009490940465918895
2023-02-05,endorse aku himalayaindia,inisayasenyum,0,38.0,himalayaindia,https://twitter.com/inisayasenyum/status/1622235874141548545,0.0
2023-02-05,tatacompanies 1mgofficial himalayaindia amazonin why there is mrp difference on same product we buy on tata1mg and amazon himalaya arjuna,research_guruz,0,74.0,tata1mg amazon himalaya arjuna,https://twitter.com/research_guruz/status/1622210497537003520,0.0
2023-02-05,strange himalayaindia it is fraud,KajalPitroda12,0,11.0,himalayaindia,https://twitter.com/KajalPitroda12/status/1622172862164377601,0.0
2023-02-05,‡§Æ‡•á‡§∞‡§æ ‡§™‡•ç‡§∞‡§∂‡•ç‡§® ‡§Ø‡§π ‡§π‡•à ‡§ï‡§ø ‡§≠‡§æ‡§∞‡§§‡•Ä‡§Ø ‡§ï‡§Æ‡•ç‡§™‡§®‡•Ä himalayaindia ‡§ï‡•á ‡§¨‡•á‡§¨‡•Ä ‡§™‡•ç‡§∞‡•ã‡§°‡§ï‡•ç‡§ü ‡§≠‡•Ä ‡§Ö‡§ö‡•ç‡§õ‡•á ‡§ï‡•ç‡§µ‡§æ‡§≤‡§ø‡§ü‡•Ä ‡§ï‡•á ‡§π‡•ã‡§§‡•á ‡§π‡•à‡§Ç‡•§‡§â‡§®‡§ï‡§æ ‡§á‡§∏‡•ç‡§§‡•á‡§Æ‡§æ‡§≤ ‡§ï‡•ç‡§Ø‡•ã‡§Ç ‡§®‡§π‡•Ä ‡§ï‡§∞‡§§‡•á rahulgandhi yogrishiramdev ‡§ï‡•á ‡§™‡§§‡§Ç‡§ú‡§≤‡§ø ‡§∏‡•á ‡§ö‡§ø‡§¢‡§º ‡§§‡•ã ‡§∏‡§Æ‡§ù ‡§Ü‡§§‡§æ ‡§π‡•à‡•§ dr uditraj ‡§ï‡•ã ‡§§‡§§‡•ç‡§ï‡§æ‡§≤ ‡§™‡•ç‡§∞‡§≠‡§æ‡§µ ‡§∏‡•á ‡§á‡§®‡§ï‡§æ ‡§∏‡§≤‡§æ‡§π‡§ï‡§æ‡§∞ ‡§¨‡§®‡§æ‡§®‡§æ ‡§ö‡§æ‡§π‡§ø‡§è‡•§ kapilmishra ind tajinderbagga,an_amits,1,25.0,himalayaindia,https://twitter.com/an_amits/status/1622114241473044480,0.04
2023-02-03,himalayaindia it learnt that you are having muslim employee and always mistreated other than muslim in your organization if so please clarify why not we should bring your partial behaviour against the citizen of india before authority,vinodsfc,0,44.0,himalayaindia,https://twitter.com/vinodsfc/status/1621458841971101697,0.0
2023-02-03,himalayaindia got this watsapp is that you,tweepany,0,28.0,himalayaindia,https://twitter.com/tweepany/status/1621408607517691904,0.0
2023-02-02,agraioc ioclupso dirmktg iocl shyamal aoagra indianoilcl chairmaniocl ioclagraido yogrishiramdev ach balkrishna pyptharidwar yogrishiramdev ach balkrishna patanjali food patanjalidairy officeofsramdev himalayamen himalayaindia bailkolhuoils,kuldeep11y,5,130.0,himalayaindia,https://twitter.com/kuldeep11y/status/1621169832011104256,0.038461538461538464
2023-02-02,ayurvedamonk himalayaindia ayurveda me honesty bht jaruri patanjali ko dekh lo,Prakash01266030,0,97.0,himalayaindia,https://twitter.com/Prakash01266030/status/1621012277611855872,0.0
2023-02-02,ayurvedamonk himalayaindia dabur offer me to sell product and give monthly they use daburindia so decide don use patent drug use hand made product it lot different nd effective,Prakash01266030,1,104.0,himalayaindia,https://twitter.com/Prakash01266030/status/1621011976188235776,0.009615384615384616
2023-02-02,ayurvedamonk himalayaindia will wait for it,AherAlok,1,70.0,himalayaindia,https://twitter.com/AherAlok/status/1621008325642186753,0.014285714285714285
2023-02-02,mrankit himalayaindia think ‚Äúbaidyanath jhansi product acceptable other baidyanath branch hv reduced their quality,AyurvedaMonk,0,96.0,himalayaindia,https://twitter.com/AyurvedaMonk/status/1620999279287627776,0.0
2023-02-02,mytechshout himalayaindia no comment sir coz never got chance to use their product,AyurvedaMonk,0,36.0,himalayaindia,https://twitter.com/AyurvedaMonk/status/1620998711286566913,0.0
2023-02-02,sereneloud himalayaindia such approach ha always been harming ayurveda sir amp never win win situation,AyurvedaMonk,1,65.0,himalayaindia,https://twitter.com/AyurvedaMonk/status/1620998159291011073,0.015384615384615385
2023-02-02,cyber5knight himalayaindia never used their product sir,AyurvedaMonk,0,20.0,himalayaindia,https://twitter.com/AyurvedaMonk/status/1620997516027387904,0.0
2023-02-02,aheralok himalayaindia no comment sir would write long thread about patanjali medicine whenever get time,AyurvedaMonk,1,49.0,himalayaindia,https://twitter.com/AyurvedaMonk/status/1620996785501257728,0.02040816326530612
2023-02-01,ccras moayush baidyanathgroup daburindia himalayaindia moayush wowskinscience samsungunpacked babymonster thelastofus teacherstrike lucas mafsau peshawarbleedsagain enoughisenough,Rocus00,0,248.0,samsungunpacked babymonster thelastofus teacherstrike lucas mafsau peshawarbleedsagain enoughisenough,https://twitter.com/Rocus00/status/1620871129475993600,0.0
2023-02-01,ayurvedamonk himalayaindia ‡§∏‡§®‡•ç‡§¶‡§∞‡•ç‡§≠ ‡§≤‡•ã‡§ó ‡§Ü‡§Å‡§ñ ‡§¨‡§Ç‡§¶ ‡§ï‡§∞ ‡§ï‡•á ‡§¨‡§°‡§º‡•á ‡§¨‡•ç‡§∞‡§æ‡§Ç‡§° ‡§ï‡•Ä ‡§®‡§ï‡§≤‡•Ä ‡§ö‡•Ä‡§ú‡•ã ‡§™‡§∞ ‡§≠‡§∞‡•ã‡§∏‡§æ ‡§ï‡§∞ ‡§≤‡•á‡§§‡•á ‡§π‡•à‡§Ç ‡§ï‡•ç‡§Ø‡•Ç‡§Å‡§ï‡§ø ‡§µ‡•ã ‡§¨‡•ç‡§∞‡§æ‡§Ç‡§° ‡§π‡•à ‡§µ‡§π‡•Ä‡§Ç ‡§≤‡•ã‡§ï‡§≤ ‡§â‡§¶‡•ç‡§Ø‡§Æ‡•Ä ‡§Ø‡§¶‡§ø ‡§Ö‡§∏‡§≤‡•Ä ‡§ö‡•Ä‡§ú‡§º ‡§≠‡•Ä ‡§¨‡•á‡§ö ‡§∞‡§π‡•á ‡§π‡•ã‡§Ç ‡§â‡§∏ ‡§™‡§∞ ‡§≠‡§∞‡•ã‡§∏‡§æ ‡§®‡§π‡•Ä‡§Ç ‡§ï‡§∞ ‡§™‡§æ‡§§‡•á,Krishna57781389,2,111.0,himalayaindia,https://twitter.com/Krishna57781389/status/1620862452735873063,0.018018018018018018
2023-02-01,himalayaindia im not gonna use single product manufactured by this company from here on,sheetij_sood,0,109.0,himalayaindia,https://twitter.com/sheetij_sood/status/1620839551676841984,0.0
2023-02-01,theliverdr pg1 leading wellness company portfolio of wellness product himalayaindia pls launch new product amp start selling empty cap shell market them life enhancing o‚ÇÇ direct from himalaya atleast of your product will be backed by actual science,EntropicEq,0,139.0,himalayaindia,https://twitter.com/EntropicEq/status/1620701101682212864,0.0
2023-02-01,ayurvedamonk himalayaindia what about hamdard,cyber5knight,1,69.0,himalayaindia,https://twitter.com/cyber5knight/status/1620697594942074880,0.014492753623188406
2023-02-01,ayurvedamonk himalayaindia what about patanjali sir is it real ayurvedic company,AherAlok,1,305.0,himalayaindia,https://twitter.com/AherAlok/status/1620681654795915264,0.003278688524590164
2023-02-01,sereneloud ayurvedamonk himalayaindia oops sorry didn realise you were an ayurvedic consultant earlier think such company only bring disrepute to ayurveda people take such drug expecting miracle cure and then blame ayurveda when they don get relief,PChandr43659403,2,107.0,himalayaindia,https://twitter.com/PChandr43659403/status/1620660149479415809,0.018691588785046728
2023-02-01,pchandr ayurvedamonk himalayaindia very well said precisely the reason called them herbal medicine company and not ayurvedic,sereneloud,2,80.0,himalayaindia,https://twitter.com/sereneloud/status/1620654846985773056,0.025
2023-02-01,sereneloud ayurvedamonk himalayaindia it only maligning ayurveda ayurveda isn about drug suppressing symptom but lot more holistic addressing the root cause similar external symptom may be treated with totally different dietary regimen amp medicine for different people based on the tridosha principle,PChandr43659403,3,80.0,himalayaindia,https://twitter.com/PChandr43659403/status/1620652739507412993,0.0375
2023-02-01,ayurvedamonk himalayaindia guess esoteric knowledge is good euphemism for financial incentive,PChandr43659403,1,31.0,himalayaindia,https://twitter.com/PChandr43659403/status/1620652034721730560,0.03225806451612903
2023-02-01,ayurvedamonk himalayaindia my understanding is that himalaya although us ayurvedic herb in their product justifies their action on modern principle so it is more herbology than ayurveda but then it is win win situation for all party ayurveda allopathy himalaya themselves,sereneloud,2,499.0,himalayaindia,https://twitter.com/sereneloud/status/1620649938513428481,0.004008016032064128
2023-02-01,ayurvedamonk himalayaindia buy skm brand is that good,mytechshout07,1,492.0,himalayaindia,https://twitter.com/mytechshout07/status/1620647414716825600,0.0020325203252032522
2023-02-01,mrankit ayurvedamonk himalayaindia dootpapeshwar is better than dabur vaidyanathan for many product specially arogyavardhani,GauravBLJ,1,186.0,himalayaindia,https://twitter.com/GauravBLJ/status/1620647404801503234,0.005376344086021506
2023-02-01,ayurvedamonk himalayaindia in my city only two company product considered to be ayurvedic dabur vaidynath doctor can you tell me are these trustworthy,MrAnkit26599,1,625.0,himalayaindia,https://twitter.com/MrAnkit26599/status/1620643668221923328,0.0016
2023-02-01,ayurvedamonk himalayaindia,santumaiti24,1,34.0,himalayaindia,https://twitter.com/santumaiti24/status/1620640999675662336,0.029411764705882353
2023-02-01,thing is that ayurveda wa nowhere in the midst of all this even more interesting thing is that the mr of himalayaindia give so much esoteric knowledge of ayurveda to allopathy dr in few minute meeting that the dr start selling himalayaindia med from the very next day,AyurvedaMonk,17,1336.0,ayurveda,https://twitter.com/AyurvedaMonk/status/1620639022531112960,0.012724550898203593
2023-02-01,most of the qualified ayurveda dr don consider himalayaindia product ayurveda med himalayaindia also focus on allopathy dr to sell their drug amp not ayurveda dr now both himalaya company amp allopathy dr fighting with each other to malign ayurveda amp the funny,AyurvedaMonk,79,5179.0,ayurveda,https://twitter.com/AyurvedaMonk/status/1620639019188248576,0.015253910021239622
2023-02-01,hardik rathod himalayaindia global standard manufacturing theliverdr,romac724,0,76.0,himalayaindia,https://twitter.com/romac724/status/1620574687863656448,0.0
2023-02-01,nanditaasn himalayaindia theliverdr,romac724,0,64.0,himalayaindia,https://twitter.com/romac724/status/1620574025037799425,0.0
2023-01-31,himalayaindia such shame spread the word,foxanarchist,1,96.0,himalayaindia,https://twitter.com/foxanarchist/status/1620519108709339136,0.010416666666666666
2023-01-31,himalayaindia,vikrameffects,0,128.0,himalayaindia,https://twitter.com/vikrameffects/status/1620449332519632907,0.0
2023-01-31,today is the day stop using himalayaindia massage oil,prashantry,1,308.0,himalayaindia,https://twitter.com/prashantry/status/1620445555158810624,0.003246753246753247
2023-01-31,pseudoscience giant himalayaindia tried to threaten well intentioned doctor theliverdr who exposed toxicity of their product and unfounded claim it didn fly,shinsmon,88,9757.0,himalayaindia,https://twitter.com/shinsmon/status/1620443647476133888,0.009019165727170236
2023-01-31,himalayaindia what pathetic cocktail one ha to manufacture that even after clinical study all you can glee about is it ha no serious concern doe that mean liv ha mild and moderate concern absolutely no benefit we stand with theliverdr,vnvdvc312,0,39.0,liv52,https://twitter.com/vnvdvc312/status/1620439840398651393,0.0
2023-01-31,himalayaindia,prasadpant23,0,34.0,himalayaindia,https://twitter.com/prasadpant23/status/1620439064762798080,0.0
2023-01-31,big ayurveda aka himalayaindia attack doctor who are actually helping people get better unlike ayurveda dodgy false claim good job scum spreading poison literally and metaphorically,saarth,2,210.0,himalayaindia,https://twitter.com/saarth/status/1620435528763187201,0.009523809523809525
2023-01-31,himalayaindia,dinkoyist,0,132.0,himalayaindia,https://twitter.com/dinkoyist/status/1620423201678569476,0.0
2023-01-31,support liver doc himalayaindia are fraudsters,dinkoyist,1,114.0,himalayaindia,https://twitter.com/dinkoyist/status/1620422745552216064,0.008771929824561403
2023-01-31,theliverdr himalayaindia brace yourself,prasadpant23,0,41.0,himalayaindia,https://twitter.com/prasadpant23/status/1620395346361978881,0.0
2023-01-31,drcheruvarun himalayaindia himalayan and patanjali two big fraud they fool people by using sentiment,abhibest83,1,96.0,himalayaindia,https://twitter.com/abhibest83/status/1620349709394268160,0.010416666666666666
2023-01-31,koveiyer theliverdr himalayaindia your claiming your herbal medicine doe not effect the liver and is stamped probably by ayurvedic doctor case in court will be an embarrassment for the company,SmartyPantBot,1,65.0,himalayaindia,https://twitter.com/SmartyPantBot/status/1620343665347686406,0.015384615384615385
2023-01-31,theliverdr himalayaindia saying that their liv medicine work and ha no effect on the liver to liver doctor ü§¶‚Äç‚ôÇÔ∏è irony much,SmartyPantBot,1,145.0,himalayaindia,https://twitter.com/SmartyPantBot/status/1620342601198235648,0.006896551724137931
2023-01-31,liv is very common medicine somebody in your immediate knowledge must be already using it do not ignore below tweet expose the himalayan fraud himalayaindia,Bhopalee,0,106.0,himalayaindia,https://twitter.com/Bhopalee/status/1620301950041608192,0.0
2023-01-31,is this evidence himalayaindia after reading this we can conclude liv is good for nothing,Drgodvin,0,247.0,himalayaindia,https://twitter.com/Drgodvin/status/1620299938503741442,0.0
2023-01-31,pretty much sure that liv is not that hard to find somebody in your family is already using it do not ignore below tweet expose the himalayan fraud himalayaindia,comradarjun,5,996.0,himalayaindia,https://twitter.com/comradarjun/status/1620295845458616322,0.0050200803212851405
2023-01-31,himalayan fraud shame on you himalayaindia for this cheap tactic,drcheruvarun,52,8197.0,himalayaindia,https://twitter.com/drcheruvarun/status/1620292871139250178,0.006343784311333415
2023-01-31,moayush dalailama daburindia himalayaindia baidyanathayur ccras moayush wowskinscience rahulvaidya thelastofus bbtitians thelastofushbo fearwomen peshawarunderattack iran nimritkaurahluwalia nct127 say ayyo,Rocus00,2,200.0,thelastofus bbtitians2023 thelastofushbo fearwomen peshawarunderattack iran nimritkaurahluwalia nct127 say ayyo,https://twitter.com/Rocus00/status/1620238847123820544,0.01
2023-01-30,aiia ndelhi moayush daburindia baidyanathgroup himalayaindia vedicmc ayushmannha babarampuri esland ayurveda bbtitans iran afcchampionship petrol goatìÉµ adaniscam adanifpo 90dayfiancetheotherway,Rocus00,1,503.0,esland2023 ayurveda bbtitans iran afcchampionship petrol goatìÉµ adaniscam adanifpo 90dayfiancetheotherway,https://twitter.com/Rocus00/status/1619928418958839811,0.0019880715705765406
2023-01-29,pypayurved pyptharidwar pparidhan yogrishiramdev ach balkrishna patanjali food patanjalidairy officeofsramdev himalayamen himalayaindia bailkolhuoils,kuldeep11y,0,125.0,himalayaindia,https://twitter.com/kuldeep11y/status/1619775272081063941,0.0
2023-01-29,pypayurved pyptharidwar pparidhan yogrishiramdev ach balkrishna patanjali food patanjalidairy officeofsramdev himalayamen himalayaindia bailkolhuoils,kuldeep11y,0,132.0,himalayaindia,https://twitter.com/kuldeep11y/status/1619775185875513344,0.0
2023-01-29,mahesh dadhich himalayaindia bpsmv congratulation to prize winning student and best wish to all those who are persuing their career in ayush,bijaysombansi,1,28.0,himalayaindia,https://twitter.com/bijaysombansi/status/1619595373173157888,0.03571428571428571
2023-01-29,mahesh dadhich himalayaindia bpsmv congratulation for them,vdsandeep0507,1,34.0,himalayaindia,https://twitter.com/vdsandeep0507/status/1619554986479984645,0.029411764705882353
2023-01-29,student of bam final year and batch from msmioa bpsmv were honored with jivak ‚Çπ15000 and ayuvisharad ‚Çπ10000 award by himalaya drug company congratulation to awardee student and thanks to himalaya drug co for this himalayaindia bpsmv,mahesh_dadhich,21,477.0,himalayaindia,https://twitter.com/mahesh_dadhich/status/1619545070298091520,0.0440251572327044
2023-01-28,himalaya himalayaindia come and take back your honey or suger only you know,sumit3770,1,35.0,himalaya,https://twitter.com/sumit3770/status/1619236826157547527,0.02857142857142857
2023-01-27,himalayaindia pls doctor contact number,AmitKum74929446,0,7.0,himalayaindia,https://twitter.com/AmitKum74929446/status/1618850350974537729,0.0
2023-01-27,himalayaindia kindly start the manufacturing of himalaya bael tablet,KASHJTWITSS,0,20.0,himalayaindia,https://twitter.com/KASHJTWITSS/status/1618803989990244357,0.0
2023-01-26,madan himalayaindia,JMaharajam,0,139.0,himalayaindia,https://twitter.com/JMaharajam/status/1618671127391514625,0.0
2023-01-25,pypayurved pyptharidwar pparidhan yogrishiramdev ach balkrishna patanjali food patanjalidairy officeofsramdev himalayamen himalayaindia bailkolhuoils,kuldeep11y,0,80.0,himalayaindia,https://twitter.com/kuldeep11y/status/1618395524197154816,0.0
2023-01-25,ccras moayush moayush daburindia daburglucose himalayaindia baidyanathgroup pathaanreview pathan microsoftteams oscar babymonster pathaanfirstdayfirstshow bondee,Rocus00,0,268.0,pathaanreview pathan microsoftteams oscars2023 babymonster pathaanfirstdayfirstshow bondee,https://twitter.com/Rocus00/status/1618335310798290944,0.0
2023-01-25,ccras moayush himalayaindia mamaearthindia pypayurved who daburindia pathaanreview earthquake deepikapadukone oscar welovebuild ukraine kisikabhaikisikijaan,Rocus00,0,118.0,pathaanreview earthquake deepikapadukone oscars2023 welovebuild ukraine kisikabhaikisikijaan,https://twitter.com/Rocus00/status/1618291161172705280,0.0
2023-01-25,the himalayawellnesscompany commemorates the spirit of our country and it ability to stand together during tough time we step into our th republicday let pledge to find strength in our unity amp become the nation our forefather wanted to be happyrepublicday,HimalayaIndia,13,1050.0,himalayawellnesscompany republicday happyrepublicday,https://twitter.com/HimalayaIndia/status/1618197659369488385,0.012380952380952381
2023-01-25,aimilltd who nih ccras moayush moayush pypayurved daburindia himalayanorg himalayaindia mamaearthindia leopard buildjakapan oscar forafred trending trendingvideo trending ayurveda,Rocus00,0,127.0,leopard buildjakapan oscars2023 forafred trending trendingvideo trending2023 ayurveda,https://twitter.com/Rocus00/status/1618184002749485057,0.0
2023-01-25,har ghar har din ayurveda cgi medan organised talk on ayurveda to spread awareness about ayurveda event wa partnered with himalayaindia usuofficial indiahamdard royal bee azadikaamritmahotsav ayurveda,indiainmedan,9,1410.0,azadikaamritmahotsav ayurveda,https://twitter.com/indiainmedan/status/1618143432475828225,0.006382978723404255
2023-01-25,himalayaindia excellent sir üôèüèª,Santosh72559658,0,6.0,himalayaindia,https://twitter.com/Santosh72559658/status/1618059326157115393,0.0
2023-01-24,himalayaindia congratulation,naveedahmedm,1,70.0,himalayaindia,https://twitter.com/naveedahmedm/status/1617722433175433220,0.014285714285714285
2023-01-23,himalayaindia great sir üëèüëèüëèüëè,Mohamma56496408,1,72.0,himalayaindia,https://twitter.com/Mohamma56496408/status/1617519767119867908,0.013888888888888888
2023-01-23,drvaidyas facescanada fastandup india forestessential happiloindia ilovelakme health xp himalayaindia justherbsindia kamaayurveda kapiva official trayahealth mamaearthindia khadinatural leafstudiosin minimalist mivi official my mokobara mothersparsh,theashwin007,0,104.0,himalayaindia,https://twitter.com/theashwin007/status/1617483574651031563,0.0
2023-01-23,himalaya new manufacturing facility in tumakuru received the first iso certification em iso 2015 and oh amp iso 2018 from nqa certification pvt ltd for effectively implementing and building good safety culture and practice on the campus himalayawellness,HimalayaIndia,20,1283.0,iso safety himalayawellness,https://twitter.com/HimalayaIndia/status/1617375889024749568,0.01558846453624318
2023-01-20,theliverdr himalayaindia,harishm31,0,186.0,himalayaindia,https://twitter.com/harishm31/status/1616520774604709888,0.0
2023-01-20,theliverdr only himalayaindia neem facewash is good product,AurangzebRoad,0,403.0,himalayaindia,https://twitter.com/AurangzebRoad/status/1616427367135862784,0.0
2023-01-20,bindass ladki himalayaindia don post naked photo you cannot undone it,theonevik_,0,15.0,himalayaindia,https://twitter.com/theonevik_/status/1616394322563465216,0.0
2023-01-20,bindass ladki himalayaindia remove the post she is naked,theonevik_,0,18.0,himalayaindia,https://twitter.com/theonevik_/status/1616394189046157313,0.0
2023-01-20,kashjtwitss himalayaindia yesterday have sent the mail you can dm pl,Matinde19122360,0,7.0,himalayaindia,https://twitter.com/Matinde19122360/status/1616351019574906881,0.0
2023-01-20,bindass ladki himalayaindia don know about himalaya but your nephew is so cute,amitiscandid,1,29.0,himalayaindia,https://twitter.com/amitiscandid/status/1616327957362114563,0.034482758620689655
2023-01-20,dipang himalayaindia are you this girl,Suprati79707576,0,2.0,himalayaindia,https://twitter.com/Suprati79707576/status/1616318950270447616,0.0
2023-01-20,bindass ladki himalayaindia cuteiii,MaynkKaswan1,0,31.0,himalayaindia,https://twitter.com/MaynkKaswan1/status/1616264124169850880,0.0
2023-01-20,himalayaindia please sack the person who approved this lousy design thank you,DirJaiP,0,8.0,himalayaindia,https://twitter.com/DirJaiP/status/1616263132179222529,0.0
2023-01-19,bindass ladki himalayaindia cutepie god bless your nephew ‚ô•Ô∏è,suraj07329570,0,85.0,himalayaindia,https://twitter.com/suraj07329570/status/1616031518077640704,0.0
2023-01-19,bindass ladki himalayaindia cute baby,SanjayK62804705,0,145.0,himalayaindia,https://twitter.com/SanjayK62804705/status/1615968773898637312,0.0
2023-01-19,bindass ladki himalayaindia free publicity,UdtaDil,0,163.0,himalayaindia,https://twitter.com/UdtaDil/status/1615963762091241473,0.0
2023-01-19,bindass ladki himalayaindia indian we have to learn to refrain from putting child on social medium privacy sent for toss worst is naming them well,jogapj,4,162.0,himalayaindia,https://twitter.com/jogapj/status/1615963658886029314,0.024691358024691357
2023-01-19,bindass ladki himalayaindia ‚ù£Ô∏èüòç,jeena203,1,221.0,himalayaindia,https://twitter.com/jeena203/status/1615961975657488384,0.004524886877828055
2023-01-19,bindass ladki himalayaindia how cute,Sadhu1999,4,264.0,himalayaindia,https://twitter.com/Sadhu1999/status/1615961059684388864,0.015151515151515152
2023-01-19,bindass ladki himalayaindia ‚ù§Ô∏èüéà,goldylockzone0,1,243.0,himalayaindia,https://twitter.com/goldylockzone0/status/1615961022107652096,0.00411522633744856
2023-01-19,himalayaindia from year had been purchasing your product but this is the bitter experience of out of stock daiper from last month and till it won upto feb 23,Milapvaishnav,0,13.0,himalayaindia,https://twitter.com/Milapvaishnav/status/1615895740936769536,0.0
2023-01-18,twitter twittersports daburindia baidyanathgroup himalayaindia moayush zanducare kamaayurveda mamaearthindia pypayurved ayurvedic ayurvedicmedicine pathaantrailer embarrassing hockeyworldcup odishaforhockey twitter,Rocus00,0,483.0,ayurvedic ayurvedicmedicine pathaantrailer embarrassing hockeyworldcup odishaforhockey twitter,https://twitter.com/Rocus00/status/1615807037128208384,0.0
2023-01-18,moayush pypayurved himalayaindia daburindia keralaayurveda ayushmedicine bamslol,Rocus00,1,45.0,himalayaindia,https://twitter.com/Rocus00/status/1615806703148355585,0.022222222222222223
2023-01-16,actual mrp is ‚Çπ196 bigbasket com sp that too after discount of from mrp himalayaindia pls clarify that manufacture diff mrp in diff state checked purchased in blore is this scam loot consumerforum onlinelegalind jagograhakjago consumrconxion,MKC1_Reddy,0,95.0,himalayaindia,https://twitter.com/MKC1_Reddy/status/1615012917082218496,0.0
2023-01-14,chrisxmunn himalayaindia,gsik,0,223.0,himalayaindia,https://twitter.com/gsik/status/1614146561600270338,0.0
2023-01-14,himalayaindia very good initiative thank you himalaya,ejajmomin1,0,11.0,himalayaindia,https://twitter.com/ejajmomin1/status/1614072855582609411,0.0
2023-01-13,let celebrate the onset of warmer day and prosperity together and rejoice in the charm of tradition himalaya wellness company wish you and your family very happy lohri pongal and makar sankranti himalayawellnesscompany lohri pongal makarsankranti,HimalayaIndia,3,473.0,himalayawellnesscompany lohri pongal makarsankranti,https://twitter.com/HimalayaIndia/status/1613847830019571712,0.006342494714587738
2023-01-13,himalaya drive initiative to enrich life we have signed an mou with the govt of karnataka to rejuvenate makali government primary school with state of the art facility we will also support the maintenance of the premise for three year from the completion date,HimalayaIndia,3,679.0,himalaya government school,https://twitter.com/HimalayaIndia/status/1613762923679330305,0.004418262150220913
2023-01-11,same product different pharmacy different mrp pharmeasyapp himalayaindia,PradeepKRKAR1,0,42.0,himalayaindia,https://twitter.com/PradeepKRKAR1/status/1613047793911988224,0.0
2023-01-10,kashjtwitss himalayaindia yes will thxji,Matinde19122360,1,43.0,himalayaindia,https://twitter.com/Matinde19122360/status/1612760880089018368,0.023255813953488372
2023-01-10,kashjtwitss himalayaindia unfortunately no,Matinde19122360,0,37.0,himalayaindia,https://twitter.com/Matinde19122360/status/1612683691612082177,0.0
2023-01-10,matinde himalayaindia any update,KASHJTWITSS,0,34.0,himalayaindia,https://twitter.com/KASHJTWITSS/status/1612661336634445824,0.0
2023-01-06,himalayaindia,Ankitkatare09,0,20.0,himalayaindia,https://twitter.com/Ankitkatare09/status/1611393245078257665,0.0
2023-01-06,himalayaindia,Ankitkatare09,1,9.0,himalayaindia,https://twitter.com/Ankitkatare09/status/1611215834650914818,0.1111111111111111
2023-01-04,theliverdr pran alarming to see that himalayaindia doesn respond scientifically to such serious debunking shame on pmoindia to let cdsco india inf and moayush approve such supplement on market without proven science shame on amazonin to allow their sale,tushain,0,27.0,himalayaindia,https://twitter.com/tushain/status/1610542059152343042,0.0
2023-01-03,himalayaindia ma ≈õwietne pasty bez fluoru polecam szkoda ≈ºe nie majƒÖ albo na na rynku nie ma p≈Çyn√≥w do p≈Çukania jamy ustnej bez fluoru,severiaan,0,29.0,himalayaindia,https://twitter.com/severiaan/status/1610333909912375297,0.0
2023-01-03,dept of pharm chemistry mcopsm organized it second guest lecture of online on dec 2022 dr prakash principal scientist amp himalayaindia delivered the guest lecture on ‚Äúanalysis of herbal ingredient and product opportunity and it challenges‚Äù,McopsM,2,140.0,himalayaindia,https://twitter.com/McopsM/status/1610237401028521984,0.014285714285714285
2023-01-03,eduminofindia himalayaindia dpradhanbjp respected education minister request you to take action against these book printer it is not ok to publicize pimple free product btwn child it shatters their confidence every time they study,HemanthSharma11,0,47.0,himalayaindia,https://twitter.com/HemanthSharma11/status/1610119187116228609,0.0
2023-01-02,dhaval pampers flipkart jagograhakjago huggies yupp himalayaindia is also far better ji din order kia available nahi thaa,gourav00111,0,25.0,himalayaindia,https://twitter.com/gourav00111/status/1609924314572427266,0.0
2023-01-02,himalayaindia your liv tablet contains some sand like substance which feel in teeth when chewed please clarify why it is so thought it would be in one bottle but every bottle more or le same,kishnpalchauhan,0,62.0,himalayaindia,https://twitter.com/kishnpalchauhan/status/1609829875262828547,0.0
