"WNxzHc href","d4r55","RfnDt","RfnDt 2","eaLgGf src","hCCjke src","hCCjke src 2","hCCjke src 3","hCCjke src 4","rsqaWe","DU9Pgb","wiI7pd","dSlJg src","dSlJg src 2","znYl0 2","Hzvxle","pkWtMe"
"","","","","","","","","","","","","","","","",""
"","","","","","","","","","","","","","","","",""
"","","","","","","","","","","","","","","","",""
"https://www.google.com/maps/contrib/114592076616371445531/reviews?hl=en-US","Bhavesh Gawas","Local Guide","1 review","https://www.gstatic.com/images/icons/material/system_gm/1x/more_vert_black_18dp.png","https://maps.gstatic.com/consumer/images/icons/2x/ic_star_rate_14.png","https://maps.gstatic.com/consumer/images/icons/2x/ic_star_rate_14.png","https://maps.gstatic.com/consumer/images/icons/2x/ic_star_rate_14.png","https://maps.gstatic.com/consumer/images/icons/2x/ic_star_rate_14.png","a month ago","New","Google showing wrong location. This is near mulund station","https://www.gstatic.com/images/icons/material/system_gm/1x/thumb_up_gm_grey_18dp.png","https://www.gstatic.com/images/icons/material/system_gm/1x/share_gm_grey_18dp.png","Share","",""
"https://www.google.com/maps/contrib/111113176430444533989/reviews?hl=en-US","Krishna Shrimal","Local Guide","2 reviews","https://www.gstatic.com/images/icons/material/system_gm/1x/more_vert_black_18dp.png","https://maps.gstatic.com/consumer/images/icons/2x/ic_star_rate_14.png","https://maps.gstatic.com/consumer/images/icons/2x/ic_star_rate_empty_14.png","https://maps.gstatic.com/consumer/images/icons/2x/ic_star_rate_empty_14.png","https://maps.gstatic.com/consumer/images/icons/2x/ic_star_rate_empty_14.png","a year ago","New","There no store","https://www.gstatic.com/images/icons/material/system_gm/1x/thumb_up_gm_grey_18dp.png","https://www.gstatic.com/images/icons/material/system_gm/1x/share_gm_grey_18dp.png","Share","Like","4"
"https://www.google.com/maps/contrib/118217194393547144092/reviews?hl=en-US","Saurabh Jha","Local Guide","· 137 reviews","https://www.gstatic.com/images/icons/material/system_gm/1x/more_vert_black_18dp.png","https://maps.gstatic.com/consumer/images/icons/2x/ic_star_rate_14.png","https://maps.gstatic.com/consumer/images/icons/2x/ic_star_rate_14.png","https://maps.gstatic.com/consumer/images/icons/2x/ic_star_rate_14.png","https://maps.gstatic.com/consumer/images/icons/2x/ic_star_rate_14.png","a year ago","New","Not actua","https://www.gstatic.com/images/icons/material/system_gm/1x/thumb_up_gm_grey_18dp.png","https://www.gstatic.com/images/icons/material/system_gm/1x/share_gm_grey_18dp.png","Share","Like","1"
"https://www.google.com/maps/contrib/115171585890106759911/reviews?hl=en-US","CA Pankaj Agrawal","Local Guide","· 11 reviews","https://www.gstatic.com/images/icons/material/system_gm/1x/more_vert_black_18dp.png","https://maps.gstatic.com/consumer/images/icons/2x/ic_star_rate_14.png","https://maps.gstatic.com/consumer/images/icons/2x/ic_star_rate_14.png","https://maps.gstatic.com/consumer/images/icons/2x/ic_star_rate_14.png","https://maps.gstatic.com/consumer/images/icons/2x/ic_star_rate_14.png","2 years ago","New","Lovely Products Like Himalaya Balm","https://www.gstatic.com/images/icons/material/system_gm/1x/thumb_up_gm_grey_18dp.png","https://www.gstatic.com/images/icons/material/system_gm/1x/share_gm_grey_18dp.png","Share","Like","1"
"https://www.google.com/maps/contrib/108857728750737248103/reviews?hl=en-US","Jasmeet Singh Dang","Local Guide","· 25 reviews","https://www.gstatic.com/images/icons/material/system_gm/1x/more_vert_black_18dp.png","https://maps.gstatic.com/consumer/images/icons/2x/ic_star_rate_14.png","https://maps.gstatic.com/consumer/images/icons/2x/ic_star_rate_empty_14.png","https://maps.gstatic.com/consumer/images/icons/2x/ic_star_rate_empty_14.png","https://maps.gstatic.com/consumer/images/icons/2x/ic_star_rate_empty_14.png","3 months ago","New","There is no store out here","https://www.gstatic.com/images/icons/material/system_gm/1x/thumb_up_gm_grey_18dp.png","https://www.gstatic.com/images/icons/material/system_gm/1x/share_gm_grey_18dp.png","Share","",""
"https://www.google.com/maps/contrib/103456232927964584557/reviews?hl=en-US","Darmen HD official","Local Guide","1 review","https://www.gstatic.com/images/icons/material/system_gm/1x/more_vert_black_18dp.png","https://maps.gstatic.com/consumer/images/icons/2x/ic_star_rate_14.png","https://maps.gstatic.com/consumer/images/icons/2x/ic_star_rate_14.png","https://maps.gstatic.com/consumer/images/icons/2x/ic_star_rate_14.png","https://maps.gstatic.com/consumer/images/icons/2x/ic_star_rate_14.png","6 months ago","New","Intest …","https://www.gstatic.com/images/icons/material/system_gm/1x/thumb_up_gm_grey_18dp.png","https://www.gstatic.com/images/icons/material/system_gm/1x/share_gm_grey_18dp.png","","Like","1"
"https://www.google.com/maps/contrib/100440113366582444173/reviews?hl=en-US","Nitin Mandroniya","Local Guide","1 review","https://www.gstatic.com/images/icons/material/system_gm/1x/more_vert_black_18dp.png","https://maps.gstatic.com/consumer/images/icons/2x/ic_star_rate_14.png","https://maps.gstatic.com/consumer/images/icons/2x/ic_star_rate_14.png","https://maps.gstatic.com/consumer/images/icons/2x/ic_star_rate_14.png","https://maps.gstatic.com/consumer/images/icons/2x/ic_star_rate_14.png","4 months ago","New","","","","","",""
"https://www.google.com/maps/contrib/117294572207466108512/reviews?hl=en-US","Dhruv Jain","Local Guide","· 22 reviews","https://www.gstatic.com/images/icons/material/system_gm/1x/more_vert_black_18dp.png","https://maps.gstatic.com/consumer/images/icons/2x/ic_star_rate_14.png","https://maps.gstatic.com/consumer/images/icons/2x/ic_star_rate_empty_14.png","https://maps.gstatic.com/consumer/images/icons/2x/ic_star_rate_empty_14.png","https://maps.gstatic.com/consumer/images/icons/2x/ic_star_rate_empty_14.png","5 months ago","New","","","","","",""
"https://www.google.com/maps/contrib/108857908389015187077/reviews?hl=en-US","mohd shaqib khan","Local Guide","1 review","https://www.gstatic.com/images/icons/material/system_gm/1x/more_vert_black_18dp.png","https://maps.gstatic.com/consumer/images/icons/2x/ic_star_rate_14.png","https://maps.gstatic.com/consumer/images/icons/2x/ic_star_rate_14.png","https://maps.gstatic.com/consumer/images/icons/2x/ic_star_rate_14.png","https://maps.gstatic.com/consumer/images/icons/2x/ic_star_rate_14.png","2 years ago","New","","","","","",""
"https://www.google.com/maps/contrib/114991116442581564069/reviews?hl=en-US","Aanchal Wadwani","","","https://www.gstatic.com/images/icons/material/system_gm/1x/more_vert_black_18dp.png","https://maps.gstatic.com/consumer/images/icons/2x/ic_star_rate_14.png","https://maps.gstatic.com/consumer/images/icons/2x/ic_star_rate_14.png","https://maps.gstatic.com/consumer/images/icons/2x/ic_star_rate_14.png","https://maps.gstatic.com/consumer/images/icons/2x/ic_star_rate_14.png","3 years ago","New","","","","","",""
"https://www.google.com/maps/contrib/109909299854670855204/reviews?hl=en-US","Jayant Pathak","Local Guide","· 83 reviews","https://www.gstatic.com/images/icons/material/system_gm/1x/more_vert_black_18dp.png","https://maps.gstatic.com/consumer/images/icons/2x/ic_star_rate_14.png","https://maps.gstatic.com/consumer/images/icons/2x/ic_star_rate_14.png","https://maps.gstatic.com/consumer/images/icons/2x/ic_star_rate_empty_14.png","https://maps.gstatic.com/consumer/images/icons/2x/ic_star_rate_empty_14.png","3 years ago","New","","","","","",""
"https://www.google.com/maps/contrib/106075421978548124949/reviews?hl=en-US","Kunal Thakur","Local Guide","2 reviews","https://www.gstatic.com/images/icons/material/system_gm/1x/more_vert_black_18dp.png","https://maps.gstatic.com/consumer/images/icons/2x/ic_star_rate_14.png","https://maps.gstatic.com/consumer/images/icons/2x/ic_star_rate_14.png","https://maps.gstatic.com/consumer/images/icons/2x/ic_star_rate_14.png","https://maps.gstatic.com/consumer/images/icons/2x/ic_star_rate_14.png","4 years ago","New","","","","","",""
"https://www.google.com/maps/contrib/105749192995328400966/reviews?hl=en-US","Mahesh Hirve","","","https://www.gstatic.com/images/icons/material/system_gm/1x/more_vert_black_18dp.png","https://maps.gstatic.com/consumer/images/icons/2x/ic_star_rate_14.png","https://maps.gstatic.com/consumer/images/icons/2x/ic_star_rate_14.png","https://maps.gstatic.com/consumer/images/icons/2x/ic_star_rate_14.png","https://maps.gstatic.com/consumer/images/icons/2x/ic_star_rate_14.png","2 years ago","New","","","","","",""
"https://www.google.com/maps/contrib/113283479650794102391/reviews?hl=en-US","Yash Jain Ghuwara","Local Guide","· 24 reviews","https://www.gstatic.com/images/icons/material/system_gm/1x/more_vert_black_18dp.png","https://maps.gstatic.com/consumer/images/icons/2x/ic_star_rate_14.png","https://maps.gstatic.com/consumer/images/icons/2x/ic_star_rate_empty_14.png","https://maps.gstatic.com/consumer/images/icons/2x/ic_star_rate_empty_14.png","https://maps.gstatic.com/consumer/images/icons/2x/ic_star_rate_empty_14.png","4 years ago","New","","","","","",""
"https://www.google.com/maps/contrib/100993842707704090672/reviews?hl=en-US","Deepshikha Malviya","Local Guide","7 reviews","https://www.gstatic.com/images/icons/material/system_gm/1x/more_vert_black_18dp.png","https://maps.gstatic.com/consumer/images/icons/2x/ic_star_rate_14.png","https://maps.gstatic.com/consumer/images/icons/2x/ic_star_rate_14.png","https://maps.gstatic.com/consumer/images/icons/2x/ic_star_rate_14.png","https://maps.gstatic.com/consumer/images/icons/2x/ic_star_rate_empty_14.png","4 years ago","New","","","","","",""